id,source,target,weight
8500010-8500016,8500010,8500016,11443
8500010-8500020,8500010,8500020,43662
8500010-8500021,8500010,8500021,522
8500020-8500021,8500020,8500021,43361
8500010-8500023,8500010,8500023,31297
8500020-8500023,8500020,8500023,569
8500022-8500023,8500022,8500023,20603
8500010-8500090,8500010,8500090,33589
8500023-8500090,8500023,8500090,1990
8500010-8500105,8500010,8500105,8229
8500104-8500105,8500104,8500105,10333
8500010-8500109,8500010,8500109,880
8500028-8500109,8500028,8500109,10488
8500105-8500109,8500105,8500109,17499
8500010-8500113,8500010,8500113,1410
8500028-8500113,8500028,8500113,8902
8500109-8500113,8500109,8500113,19893
8500010-8500117,8500010,8500117,141
8500115-8500117,8500115,8500117,538
8500116-8500117,8500116,8500117,20805
8500010-8500119,8500010,8500119,26
8500118-8500119,8500118,8500119,20610
8500010-8500218,8500010,8500218,17090
8500023-8500218,8500023,8500218,9623
8500026-8500218,8500026,8500218,216
8500027-8500218,8500027,8500218,9767
8500028-8500218,8500028,8500218,534
8500037-8500218,8500037,8500218,9428
8500090-8500218,8500090,8500218,2253
8500136-8500218,8500136,8500218,18959
8500207-8500218,8500207,8500218,8796
8500212-8500218,8500212,8500218,10342
8500217-8500218,8500217,8500218,19053
8500010-8500301,8500010,8500301,17295
8500021-8500301,8500021,8500301,359
8500300-8500301,8500300,8500301,22716
8500010-8503000,8500010,8503000,13984
8500090-8503000,8500090,8503000,4602
8500218-8503000,8500218,8503000,10025
8500309-8503000,8500309,8503000,27446
8500320-8503000,8500320,8503000,10017
8500329-8503000,8500329,8503000,3005
8501120-8503000,8501120,8503000,15964
8501609-8503000,8501609,8503000,7004
8502113-8503000,8502113,8503000,18022
8502115-8503000,8502115,8503000,488
8502119-8503000,8502119,8503000,35256
8502204-8503000,8502204,8503000,25218
8502206-8503000,8502206,8503000,10503
8502208-8503000,8502208,8503000,251
8502209-8503000,8502209,8503000,19369
8502215-8503000,8502215,8503000,3492
8502229-8503000,8502229,8503000,35459
8500021-8500022,8500021,8500022,20739
8500021-8500300,8500021,8500300,22711
8500023-8500024,8500023,8500024,20387
8500023-8500025,8500023,8500025,289
8500024-8500025,8500024,8500025,20411
8500023-8500026,8500023,8500026,20497
8500025-8500026,8500025,8500026,20702
8500026-8500027,8500026,8500027,29664
8500026-8500028,8500026,8500028,25
8500027-8500028,8500027,8500028,19899
8500026-8500031,8500026,8500031,10182
8500026-8502113,8500026,8502113,10807
8500218-8502113,8500218,8502113,1823
8500309-8502113,8500309,8502113,18748
8501037-8502113,8501037,8502113,7942
8501120-8502113,8501120,8502113,967
8502001-8502113,8502001,8502113,8041
8502010-8502113,8502010,8502113,7041
8502103-8502113,8502103,8502113,34467
8502105-8502113,8502105,8502113,252
8502106-8502113,8502106,8502113,13520
8502112-8502113,8502112,8502113,19565
8500031-8500032,8500031,8500032,10182
8500032-8500033,8500032,8500033,10182
8500033-8500034,8500033,8500034,10182
8500034-8500035,8500034,8500035,10182
8500035-8500037,8500035,8500037,9678
8500037-8500240,8500037,8500240,60
8500090-8503424,8500090,8503424,7357
8503000-8503424,8503000,8503424,7921
8503400-8503424,8503400,8503424,8835
8503423-8503424,8503423,8503424,47459
8500100-8500101,8500100,8500101,14686
8500100-8500162,8500100,8500162,13978
8500101-8500102,8500101,8500102,14686
8500102-8500103,8500102,8500103,10333
8500102-8500135,8500102,8500135,4353
8500105-8500135,8500105,8500135,10333
8500103-8500104,8500103,8500104,10333
8500105-8500206,8500105,8500206,9092
8500205-8500206,8500205,8500206,19166
8500109-8500120,8500109,8500120,10469
8500119-8500120,8500119,8500120,8969
8500109-8500159,8500109,8500159,512
8500113-8500159,8500113,8500159,8484
8500126-8500159,8500126,8500159,500
8500144-8500159,8500144,8500159,7984
8500113-8500114,8500113,8500114,21621
8500114-8500115,8500114,8500115,21351
8500115-8500116,8500115,8500116,20491
8500117-8500118,8500117,8500118,21199
8500119-8500136,8500119,8500136,11641
8500126-8500136,8500126,8500136,9532
8500120-8500121,8500120,8500121,19701
8500121-8500122,8500121,8500122,19942
8500122-8500123,8500122,8500123,19986
8500123-8500124,8500123,8500124,19978
8500123-8500169,8500123,8500169,7999
8500124-8500125,8500124,8500125,19978
8500125-8500126,8500125,8500126,19978
8500126-8500127,8500126,8500127,9881
8500126-8500186,8500126,8500186,13067
8500127-8500128,8500127,8500128,9881
8500128-8500141,8500128,8500141,9838
8500135-8504300,8500135,8504300,1787
8500159-8504300,8500159,8504300,17047
8500207-8504300,8500207,8504300,9305
8500218-8504300,8500218,8504300,9862
8503000-8504300,8503000,8504300,603
8503016-8504300,8503016,8504300,598
8504221-8504300,8504221,8504300,19131
8504229-8504300,8504229,8504300,13600
8500135-8504304,8500135,8504304,12899
8504300-8504304,8504300,8504304,9449
8504303-8504304,8504303,8504304,10180
8500141-8500143,8500141,8500143,3097
8500141-8500144,8500141,8500144,6770
8500143-8500144,8500143,8500144,3053
8500159-8501008,8500159,8501008,170
8500218-8501008,8500218,8501008,8173
8501007-8501008,8501007,8501008,20560
8500159-8501120,8500159,8501120,282
8500218-8501120,8500218,8501120,10040
8501008-8501120,8501008,8501120,3437
8501026-8501120,8501026,8501120,15322
8501037-8501120,8501037,8501120,16873
8501103-8501120,8501103,8501120,1684
8501118-8501120,8501118,8501120,71758
8500162-8500164,8500162,8500164,9199
8500162-8500170,8500162,8500170,4779
8500167-8500170,8500167,8500170,9502
8500164-8500165,8500164,8500165,9516
8500165-8500167,8500165,8500167,9516
8500167-8500173,8500167,8500173,991
8500172-8500173,8500172,8500173,9516
8500169-8500174,8500169,8500174,13925
8500173-8500174,8500173,8500174,10479
8500170-8500171,8500170,8500171,9446
8500171-8500172,8500171,8500172,9516
8500174-8500175,8500174,8500175,11200
8500174-8500190,8500174,8500190,3169
8500177-8500190,8500177,8500190,366
8500184-8500190,8500184,8500190,10430
8500175-8500176,8500175,8500176,11296
8500176-8500177,8500176,8500177,11296
8500177-8500178,8500177,8500178,10930
8500178-8500179,8500178,8500179,10930
8500179-8500180,8500179,8500180,10900
8500179-8500184,8500179,8500184,28
8500181-8500184,8500181,8500184,10930
8500180-8500181,8500180,8500181,10930
8500184-8504314,8500184,8504314,556
8500191-8504314,8500191,8504314,3141
8500199-8504314,8500199,8504314,7249
8504237-8504314,8504237,8504314,19009
8504310-8504314,8504310,8504314,7267
8504312-8504314,8504312,8504314,10335
8500186-8500187,8500186,8500187,11472
8500187-8500188,8500187,8500188,8033
8500190-8500191,8500190,8500191,13925
8500191-8500192,8500191,8500192,7998
8500192-8500194,8500192,8500194,7999
8500194-8500195,8500194,8500195,7999
8500195-8500196,8500195,8500196,7999
8500196-8500199,8500196,8500199,7999
8500200-8500201,8500200,8500201,19169
8500201-8500202,8500201,8500202,19169
8500202-8500203,8500202,8500203,19166
8500202-8500207,8500202,8500207,11000
8500206-8500207,8500206,8500207,33028
8500203-8500204,8500203,8500204,19166
8500204-8500205,8500204,8500205,19166
8500207-8500208,8500207,8500208,19253
8500207-8500211,8500207,8500211,18340
8500210-8500211,8500210,8500211,19094
8500207-8500212,8500207,8500212,10341
8500211-8500212,8500211,8500212,55775
8500207-8500260,8500207,8500260,8944
8500207-8500261,8500207,8500261,502
8500218-8500261,8500218,8500261,4449
8500260-8500261,8500260,8500261,9092
8500207-8500272,8500207,8500272,250
8500212-8500272,8500212,8500272,18341
8500207-8504410,8500207,8504410,878
8503225-8504410,8503225,8504410,27
8503508-8504410,8503508,8504410,27
8504300-8504410,8504300,8504410,21169
8500207-8507000,8500207,8507000,19485
8500218-8507000,8500218,8507000,25487
8501609-8507000,8501609,8507000,5850
8503000-8507000,8503000,8507000,2595
8503001-8507000,8503001,8507000,214
8503225-8507000,8503225,8507000,6813
8503504-8507000,8503504,8507000,7576
8503508-8507000,8503508,8507000,188
8504100-8507000,8504100,8507000,1550
8504101-8507000,8504101,8507000,5988
8504103-8507000,8504103,8507000,484
8504115-8507000,8504115,8507000,17806
8504117-8507000,8504117,8507000,1221
8504194-8507000,8504194,8507000,18036
8504410-8507000,8504410,8507000,44820
8504411-8507000,8504411,8507000,11835
8504414-8507000,8504414,8507000,18964
8504441-8507000,8504441,8507000,18350
8504483-8507000,8504483,8507000,9499
8504486-8507000,8504486,8507000,248
8504489-8507000,8504489,8507000,7529
8504495-8507000,8504495,8507000,26715
8505000-8507000,8505000,8507000,9689
8506121-8507000,8506121,8507000,8281
8506302-8507000,8506302,8507000,8401
8500207-8507100,8500207,8507100,7011
8507000-8507100,8507000,8507100,27040
8507006-8507100,8507006,8507100,8004
8507009-8507100,8507009,8507100,19065
8507094-8507100,8507094,8507100,19352
8500207-8508005,8500207,8508005,10348
8503221-8508005,8503221,8508005,27
8504410-8508005,8504410,8508005,27
8507000-8508005,8507000,8508005,18616
8507100-8508005,8507100,8508005,9347
8508003-8508005,8508003,8508005,236
8508004-8508005,8508004,8508005,19555
8500207-8508066,8500207,8508066,3755
8508064-8508066,8508064,8508066,20128
8500207-8508085,8500207,8508085,592
8508005-8508085,8508005,8508085,236
8508084-8508085,8508084,8508085,17870
8500208-8500209,8500208,8500209,19107
8500209-8500210,8500209,8500210,19108
8500212-8500213,8500212,8500213,19261
8500212-8500287,8500212,8500287,751
8500286-8500287,8500286,8500287,18590
8500212-8500292,8500212,8500292,13729
8500212-8508100,8500212,8508100,17632
8500218-8508100,8500218,8508100,114
8502000-8508100,8502000,8508100,8080
8503504-8508100,8503504,8508100,8728
8508008-8508100,8508008,8508100,18601
8500213-8500214,8500213,8500214,19263
8500214-8500215,8500214,8500215,19263
8500215-8500216,8500215,8500216,18836
8500216-8500217,8500216,8500217,19263
8500218-8500309,8500218,8500309,46830
8500305-8500309,8500305,8500309,18145
8500218-8501037,8500218,8501037,596
8501008-8501037,8501008,8501037,277
8501026-8501037,8501026,8501037,7595
8501030-8501037,8501030,8501037,16576
8501031-8501037,8501031,8501037,642
8501035-8501037,8501035,8501037,19779
8501036-8501037,8501036,8501037,18427
8500218-8501605,8500218,8501605,4898
8501506-8501605,8501506,8501605,176
8501509-8501605,8501509,8501605,8290
8501601-8501605,8501601,8501605,9488
8501604-8501605,8501604,8501605,17673
8500218-8502000,8500218,8502000,9527
8500309-8502000,8500309,8502000,27084
8500218-8502001,8500218,8502001,18838
8501120-8502001,8501120,8502001,8473
8502000-8502001,8502000,8502001,19757
8500218-8502110,8500218,8502110,9588
8500309-8502110,8500309,8502110,251
8502105-8502110,8502105,8502110,735
8500218-8505000,8500218,8505000,9813
8502007-8505000,8502007,8505000,9170
8502021-8505000,8502021,8505000,9793
8502028-8505000,8502028,8505000,982
8502042-8505000,8502042,8505000,4687
8502119-8505000,8502119,8505000,15693
8502230-8505000,8502230,8505000,10276
8502306-8505000,8502306,8505000,9523
8503000-8505000,8503000,8505000,8904
8503010-8505000,8503010,8505000,815
8503202-8505000,8503202,8505000,9211
8503284-8505000,8503284,8505000,6543
8504023-8505000,8504023,8505000,30
8504100-8505000,8504100,8505000,7739
8500220-8500221,8500220,8500221,12352
8500221-8504414,8500221,8504414,12352
8504300-8504414,8504300,8504414,17354
8504404-8504414,8504404,8504414,9553
8504412-8504414,8504412,8504414,2945
8504413-8504414,8504413,8504414,18977
8500261-8500262,8500261,8500262,11073
8500262-8500263,8500262,8500263,9594
8500263-8500264,8500263,8500264,9594
8500264-8500265,8500264,8500265,9594
8500265-8500266,8500265,8500266,9092
8500266-8500267,8500266,8500267,9092
8500267-8500268,8500267,8500268,9092
8500272-8500273,8500272,8500273,18590
8500273-8500274,8500273,8500274,18590
8500274-8500275,8500274,8500275,18590
8500275-8500280,8500275,8500280,18590
8500280-8500283,8500280,8500283,18590
8500283-8500285,8500283,8500285,18590
8500285-8500286,8500285,8500286,18590
8500287-8500288,8500287,8500288,19090
8500288-8500289,8500288,8500289,19092
8500289-8518690,8500289,8518690,19092
8508193-8518690,8508193,8518690,17705
8500292-8500293,8500292,8500293,13729
8500293-8500294,8500293,8500294,13729
8500301-8500302,8500301,8500302,23075
8500301-8500305,8500301,8500305,17283
8500302-8500305,8500302,8500305,359
8500304-8500305,8500304,8500305,11704
8500302-8500303,8500302,8500303,21226
8500302-8500313,8500302,8500313,989
8500303-8500313,8500303,8500313,9522
8500305-8500313,8500305,8500313,11216
8500309-8500313,8500309,8500313,488
8500302-8500320,8500302,8500320,501
8500309-8500320,8500309,8500320,10003
8500313-8500320,8500313,8500320,22215
8500303-8500304,8500303,8500304,11704
8500309-8502105,8500309,8502105,9805
8502000-8502105,8502000,8502105,8730
8500320-8500322,8500320,8500322,9737
8500320-8517131,8500320,8517131,11734
8500322-8517131,8500322,8517131,9492
8500329-8503400,8500329,8503400,18024
8503006-8503400,8503006,8503400,8835
8503312-8503400,8503312,8503400,3396
8503313-8503400,8503313,8503400,19097
8500329-8503408,8500329,8503408,752
8503405-8503408,8503405,8503408,17955
8500329-8503409,8500329,8503409,9828
8503408-8503409,8503408,8503409,18706
8500329-8503501,8500329,8503501,9181
8503306-8503501,8503306,8503501,3005
8503411-8503501,8503411,8503501,10078
8501000-8501001,8501000,8501001,16753
8501000-8501002,8501000,8501002,3806
8501001-8501002,8501001,8501002,16503
8501001-8501003,8501001,8501003,250
8501002-8501003,8501002,8501003,20198
8501003-8501006,8501003,8501006,20309
8501003-8501007,8501003,8501007,250
8501006-8501007,8501006,8501007,20279
8501008-8501011,8501008,8501011,35953
8501008-8501022,8501008,8501022,707
8501021-8501022,8501021,8501022,34892
8501008-8501023,8501008,8501023,20412
8501022-8501023,8501022,8501023,36191
8501008-8501026,8501008,8501026,40429
8501023-8501026,8501023,8501026,3476
8501008-8501030,8501008,8501030,624
8501022-8501030,8501022,8501030,471
8501023-8501030,8501023,8501030,16695
8501026-8501030,8501026,8501030,19842
8501008-8501031,8501008,8501031,193
8501023-8501031,8501023,8501031,100
8501030-8501031,8501030,8501031,20830
8501008-8516155,8501008,8516155,3162
8501023-8516155,8501023,8516155,35719
8501120-8516155,8501120,8516155,1703
8501200-8516155,8501200,8516155,6737
8501403-8516155,8501403,8516155,6524
8501506-8516155,8501506,8516155,473
8501011-8501012,8501011,8501012,35955
8501012-8501013,8501012,8501013,35955
8501013-8501014,8501013,8501014,35955
8501014-8501015,8501014,8501015,35955
8501015-8501020,8501015,8501020,35955
8501020-8501021,8501020,8501021,35955
8501023-8501035,8501023,8501035,249
8501031-8501035,8501031,8501035,100
8501033-8501035,8501033,8501035,19727
8501023-8516283,8501023,8516283,236
8516274-8516283,8516274,8516283,35717
8501030-8501053,8501030,8501053,25194
8501031-8501033,8501031,8501033,19647
8501033-8501118,8501033,8501118,112
8501037-8501118,8501037,8501118,20082
8501042-8501118,8501042,8501118,9458
8501048-8501118,8501048,8501118,8969
8501117-8501118,8501117,8501118,32315
8501035-8501036,8501035,8501036,18427
8501037-8501042,8501037,8501042,18427
8501037-8501054,8501037,8501054,17084
8501037-8501200,8501037,8501200,30
8501120-8501200,8501120,8501200,34177
8501124-8501200,8501124,8501200,8731
8501127-8501200,8501127,8501200,9794
8501037-8504200,8501037,8504200,413
8501120-8504200,8501120,8504200,14267
8501200-8504200,8501200,8504200,564
8501400-8504200,8501400,8504200,977
8501402-8504200,8501402,8504200,7105
8501403-8504200,8501403,8504200,248
8503000-8504200,8503000,8504200,8253
8503016-8504200,8503016,8504200,8688
8504144-8504200,8504144,8504200,472
8504181-8504200,8504181,8504200,17256
8501042-8501045,8501042,8501045,8969
8501045-8501047,8501045,8501047,8969
8501047-8501048,8501047,8501048,8969
8501053-8501055,8501053,8501055,7248
8501053-8501056,8501053,8501056,9228
8501055-8501056,8501055,8501056,7262
8501053-8501059,8501053,8501059,8718
8501058-8501059,8501058,8501059,16432
8501054-8501080,8501054,8501080,17084
8501055-8501060,8501055,8501060,2231
8501059-8501060,8501059,8501060,7248
8501056-8501057,8501056,8501057,16432
8501057-8501058,8501057,8501058,16336
8501059-8501062,8501059,8501062,9228
8501061-8501062,8501061,8501062,9493
8501059-8501066,8501059,8501066,8718
8501065-8501066,8501065,8501066,15796
8501060-8501061,8501060,8501061,9478
8501062-8501063,8501062,8501063,16378
8501062-8519077,8501062,8519077,2203
8501069-8519077,8501069,8519077,7248
8501063-8501064,8501063,8501064,16378
8501064-8501065,8501064,8501065,16378
8501066-8501067,8501066,8501067,25150
8501067-8501068,8501067,8501068,25150
8501068-8501069,8501068,8501069,25179
8501080-8501081,8501080,8501081,17084
8501081-8501082,8501081,8501082,17084
8501082-8501083,8501082,8501083,17084
8501083-8501085,8501083,8501085,17084
8501084-8501087,8501084,8501087,6206
8501085-8501090,8501085,8501090,17084
8501087-8501088,8501087,8501088,6206
8501088-8501089,8501088,8501089,6206
8501089-8501094,8501089,8501094,7478
8501093-8501094,8501093,8501094,7100
8501089-8501097,8501089,8501097,888
8501094-8501097,8501094,8501097,8366
8501090-8501091,8501090,8501091,17084
8501091-8501092,8501091,8501092,17084
8501092-8501093,8501092,8501093,17074
8501094-8501095,8501094,8501095,17084
8501095-8501096,8501095,8501096,17084
8501097-8501098,8501097,8501098,8346
8501098-8501099,8501098,8501099,4125
8501100-8501103,8501100,8501103,6872
8501100-8501104,8501100,8501104,2988
8501103-8501104,8501103,8501104,18171
8501103-8501106,8501103,8501106,1325
8501104-8501106,8501104,8501106,1401
8501105-8501106,8501105,8501106,9892
8501103-8501108,8501103,8501108,26
8501107-8501108,8501107,8501108,12618
8501103-8501151,8501103,8501151,150
8501104-8501151,8501104,8501151,9710
8501104-8501105,8501104,8501105,9892
8501106-8501107,8501106,8501107,12618
8501108-8501115,8501108,8501115,11890
8501112-8501115,8501112,8501115,9367
8501114-8501115,8501114,8501115,11148
8501110-8501111,8501110,8501111,11133
8501111-8501112,8501111,8501112,11133
8501112-8501113,8501112,8501113,11133
8501112-8501191,8501112,8501191,4701
8501113-8501114,8501113,8501114,11148
8501115-8501116,8501115,8501116,18952
8501115-8501117,8501115,8501117,13378
8501116-8501117,8501116,8501117,18937
8501120-8501121,8501120,8501121,18298
8501120-8501124,8501120,8501124,236
8501122-8501124,8501122,8501124,8495
8501123-8501124,8501123,8501124,9794
8501120-8501300,8501120,8501300,1650
8501198-8501300,8501198,8501300,9242
8501200-8501300,8501200,8501300,26500
8501203-8501300,8501203,8501300,19049
8501120-8504000,8501120,8504000,19275
8501120-8504012,8501120,8504012,9461
8501200-8504012,8501200,8504012,9114
8504011-8504012,8504011,8504012,19275
8501120-8504014,8501120,8504014,908
8502007-8504014,8502007,8504014,8472
8504007-8504014,8504007,8504014,100
8504012-8504014,8504012,8504014,28736
8501120-8504100,8501120,8504100,236
8502007-8504100,8502007,8504100,188
8503000-8504100,8503000,8504100,683
8503016-8504100,8503016,8504100,7937
8504023-8504100,8504023,8504100,9386
8504030-8504100,8504030,8504100,15377
8504086-8504100,8504086,8504100,17710
8501120-8518452,8501120,8518452,9894
8501400-8518452,8501400,8518452,7330
8501403-8518452,8501403,8518452,401
8504200-8518452,8504200,8518452,284
8504201-8518452,8504201,8518452,11052
8501121-8501122,8501121,8501122,18298
8501122-8501123,8501122,8501123,9794
8501124-8501125,8501124,8501125,9794
8501125-8501126,8501125,8501126,9794
8501126-8501127,8501126,8501127,9794
8501151-8501152,8501151,8501152,9860
8501152-8501153,8501152,8501153,9860
8501153-8501154,8501153,8501154,9860
8501154-8501155,8501154,8501155,9860
8501155-8501156,8501155,8501156,9860
8501156-8501157,8501156,8501157,9860
8501157-8501159,8501157,8501159,9860
8501159-8530783,8501159,8530783,9860
8501160-8501162,8501160,8501162,21736
8501162-8501163,8501162,8501163,21736
8501163-8501164,8501163,8501164,29576
8501164-8501165,8501164,8501165,21905
8501165-8501166,8501165,8501166,23014
8501166-8501168,8501166,8501168,32042
8501168-8501169,8501168,8501169,32042
8501169-8501170,8501169,8501170,32042
8501170-8501171,8501170,8501171,32042
8501171-8501172,8501171,8501172,32042
8501172-8501173,8501172,8501173,32042
8501173-8501174,8501173,8501174,18373
8501173-8501181,8501173,8501181,14651
8501178-8501181,8501178,8501181,17164
8501173-8587727,8501173,8587727,115
8501178-8587727,8501178,8587727,142
8501181-8587727,8501181,8587727,21736
8501174-8501175,8501174,8501175,18539
8501175-8501176,8501175,8501176,18539
8501176-8501177,8501176,8501177,18539
8501177-8501178,8501177,8501178,18539
8501179-8501199,8501179,8501199,10354
8501191-8501194,8501191,8501194,4701
8501194-8530262,8501194,8530262,4701
8501198-8501388,8501198,8501388,486
8501387-8501388,8501387,8501388,8677
8501199-8501400,8501199,8501400,10119
8501229-8501400,8501229,8501400,13763
8501300-8501400,8501300,8501400,20358
8501303-8501400,8501303,8501400,15670
8501304-8501400,8501304,8501400,9864
8501199-8501480,8501199,8501480,235
8501400-8501480,8501400,8501480,10133
8501200-8501201,8501200,8501201,19239
8501200-8501260,8501200,8501260,24632
8501201-8501202,8501201,8501202,18879
8501201-8501203,8501201,8501203,241
8501202-8501203,8501202,8501203,18809
8501229-8501448,8501229,8501448,528
8501400-8501448,8501400,8501448,8720
8501229-8501453,8501229,8501453,147
8501448-8501453,8501448,8501453,528
8501452-8501453,8501452,8501453,8720
8501229-8501459,8501229,8501459,3651
8501458-8501459,8501458,8501459,15993
8501260-8501262,8501260,8501262,23262
8501262-8501263,8501262,8501263,24632
8501263-8501264,8501263,8501264,24632
8501264-8501265,8501264,8501265,24632
8501265-8501266,8501265,8501266,24632
8501266-8501280,8501266,8501280,24632
8501280-8501281,8501280,8501281,24632
8501281-8501282,8501281,8501282,8883
8501282-8501283,8501282,8501283,8925
8501283-8501284,8501283,8501284,8925
8501284-8501285,8501284,8501285,7001
8501285-8501286,8501285,8501286,7001
8501286-8501287,8501286,8501287,7001
8501287-8501288,8501287,8501288,6005
8501287-8530261,8501287,8530261,996
8501288-8530261,8501288,8530261,6005
8501300-8501301,8501300,8501301,9628
8501300-8501303,8501300,8501303,15908
8501302-8501303,8501302,8501303,9628
8501300-8501374,8501300,8501374,16503
8501300-8501506,8501300,8501506,1562
8501500-8501506,8501500,8501506,19666
8501505-8501506,8501505,8501506,17643
8501301-8501302,8501301,8501302,9628
8501303-8501304,8501303,8501304,9855
8501374-8501375,8501374,8501375,16443
8501375-8501376,8501375,8501376,16263
8501376-8501377,8501376,8501377,16278
8501377-8501378,8501377,8501378,9565
8501377-8501380,8501377,8501380,6389
8501379-8501380,8501379,8501380,3179
8501378-8501379,8501378,8501379,9865
8501379-8501384,8501379,8501384,6459
8501380-8501384,8501380,8501384,446
8501383-8501384,8501383,8501384,9358
8501380-8501381,8501380,8501381,9073
8501381-8501382,8501381,8501382,9133
8501382-8501383,8501382,8501383,9133
8501384-8501385,8501384,8501385,9298
8501384-8501386,8501384,8501386,6905
8501385-8501386,8501385,8501386,2699
8501385-8501390,8501385,8501390,6389
8501387-8501390,8501387,8501390,1128
8501388-8501390,8501388,8501390,1648
8501386-8501387,8501386,8501387,9790
8501388-8501391,8501388,8501391,7309
8501390-8501391,8501390,8501391,2332
8501388-8501394,8501388,8501394,471
8501393-8501394,8501393,8501394,9666
8501390-8504070,8501390,8504070,472
8501394-8504070,8501394,8504070,709
8501399-8504070,8501399,8504070,9242
8501391-8501392,8501391,8501392,9651
8501392-8501393,8501392,8501393,9681
8501394-8501395,8501394,8501395,9443
8501395-8501396,8501395,8501396,9428
8501396-8501397,8501396,8501397,9428
8501397-8501398,8501397,8501398,9428
8501398-8501399,8501398,8501399,9428
8501399-8507270,8501399,8507270,3185
8504070-8507270,8504070,8507270,6368
8501399-8507271,8501399,8507271,1474
8507270-8507271,8507270,8507271,11583
8501400-8501402,8501400,8501402,20138
8501400-8501403,8501400,8501403,9215
8501402-8501403,8501402,8501403,12969
8501400-8501452,8501400,8501452,7101
8501448-8501452,8501448,8501452,8734
8501400-8501458,8501400,8501458,172
8501452-8501458,8501452,8501458,7101
8501457-8501458,8501457,8501458,8734
8501400-8501468,8501400,8501468,7904
8501400-8501500,8501400,8501500,7363
8501403-8501500,8501403,8501500,11637
8501405-8501500,8501405,8501500,492
8501421-8501500,8501421,8501500,8436
8501428-8501500,8501428,8501500,8459
8501402-8501446,8501402,8501446,4107
8501402-8501487,8501402,8501487,3480
8501447-8501487,8501447,8501487,3787
8501403-8501404,8501403,8501404,17406
8501403-8501420,8501403,8501420,1729
8501405-8501420,8501405,8501420,16312
8501404-8501405,8501404,8501405,17309
8501420-8501421,8501420,8501421,18829
8501421-8501422,8501421,8501422,9388
8501422-8501423,8501422,8501423,9388
8501423-8501424,8501423,8501424,9388
8501424-8501425,8501424,8501425,9388
8501425-8501426,8501425,8501426,9175
8501426-8501428,8501426,8501428,9343
8501446-8501447,8501446,8501447,7502
8501447-8501492,8501447,8501492,98
8501491-8501492,8501491,8501492,7806
8501447-8501495,8501447,8501495,3617
8501494-8501495,8501494,8501495,7973
8501453-8501454,8501453,8501454,9253
8501454-8501456,8501454,8501456,9101
8501454-8501465,8501454,8501465,138
8501464-8501465,8501464,8501465,9261
8501456-8501457,8501456,8501457,9262
8501457-8501460,8501457,8501460,528
8501459-8501460,8501459,8501460,6865
8501459-8501461,8501459,8501461,5110
8501460-8501461,8501460,8501461,8734
8501460-8501463,8501460,8501463,528
8501462-8501463,8501462,8501463,15836
8501461-8501462,8501461,8501462,15821
8501461-8530335,8501461,8530335,172
8501726-8530335,8501726,8530335,15836
8501463-8501464,8501463,8501464,9262
8501463-8501726,8501463,8501726,7101
8501466-8501726,8501466,8501726,8587
8501465-8501466,8501465,8501466,9253
8501466-8530378,8501466,8530378,528
8530366-8530378,8530366,8530378,8720
8501466-8530463,8501466,8530463,138
8530430-8530463,8530430,8530463,9262
8501468-8501469,8501468,8501469,6701
8501468-8501470,8501468,8501470,910
8501469-8501470,8501469,8501470,6033
8501470-8501471,8501470,8501471,7419
8501470-8501554,8501470,8501554,175
8501471-8501554,8501471,8501554,44
8501472-8501554,8501472,8501554,567
8501473-8501554,8501473,8501554,44
8501479-8501554,8501479,8501554,7290
8501485-8501554,8501485,8501554,10119
8501471-8501472,8501471,8501472,7480
8501471-8501473,8501471,8501473,125
8501472-8501473,8501472,8501473,6655
8501473-8501474,8501473,8501474,7130
8501474-8501475,8501474,8501475,6365
8501475-8501476,8501475,8501476,6813
8501475-8517485,8501475,8517485,914
8501479-8517485,8501479,8517485,712
8517484-8517485,8517484,8517485,6701
8501476-8501477,8501476,8501477,8002
8501477-8501479,8501477,8501479,8002
8501480-8501481,8501480,8501481,10354
8501481-8501482,8501481,8501482,10354
8501482-8501483,8501482,8501483,8144
8501482-8501484,8501482,8501484,2062
8501483-8501484,8501483,8501484,8127
8501484-8501485,8501484,8501485,10354
8501485-8501725,8501485,8501725,235
8501554-8501725,8501554,8501725,9652
8501487-8501488,8501487,8501488,7422
8501488-8501490,8501488,8501490,7392
8501488-8530064,8501488,8530064,235
8501727-8530064,8501727,8530064,7376
8501490-8501491,8501490,8501491,7806
8501492-8501493,8501492,8501493,7963
8501493-8501494,8501493,8501494,7738
8501495-8501497,8501495,8501497,6128
8501495-8501727,8501495,8501727,3579
8501499-8501727,8501499,8501727,3885
8501497-8501498,8501497,8501498,7502
8501498-8501499,8501498,8501499,7502
8501500-8501501,8501500,8501501,17099
8501500-8501561,8501500,8501561,7739
8501500-8501562,8501500,8501562,2516
8501561-8501562,8501561,8501562,10255
8501500-8501572,8501500,8501572,8283
8501500-8501575,8501500,8501575,236
8501573-8501575,8501573,8501575,8238
8501500-8501576,8501500,8501576,3726
8501575-8501576,8501575,8501576,8519
8501501-8501502,8501501,8501502,17626
8501502-8501503,8501502,8501503,17441
8501503-8501504,8501503,8501504,17598
8501504-8501505,8501504,8501505,17657
8501506-8501507,8501506,8501507,18159
8501506-8501509,8501506,8501509,17716
8501507-8501509,8501507,8501509,18135
8501506-8501510,8501506,8501510,486
8501509-8501510,8501509,8501510,17421
8501506-8501609,8501506,8501609,1675
8501605-8501609,8501605,8501609,48675
8501509-8501600,8501509,8501600,502
8501510-8501600,8501510,8501600,16566
8501509-8501601,8501509,8501601,9246
8501510-8501601,8501510,8501601,250
8501600-8501601,8501600,8501601,17673
8501554-8517484,8501554,8517484,7611
8501562-8501563,8501562,8501563,7552
8501562-8501564,8501562,8501564,2694
8501563-8501564,8501563,8501564,8174
8501563-8501565,8501563,8501565,2072
8501564-8501565,8501564,8501565,6851
8501564-8501566,8501564,8501566,2424
8501565-8501566,8501565,8501566,7379
8501565-8501568,8501565,8501568,1862
8501566-8501568,8501566,8501568,6950
8501566-8530303,8501566,8530303,2291
8501568-8530303,8501568,8530303,9241
8501572-8501573,8501572,8501573,8238
8501576-8501577,8501576,8501577,8238
8501576-8501578,8501576,8501578,4096
8501577-8501578,8501577,8501578,8238
8501576-8501579,8501576,8501579,12481
8501579-8501580,8501579,8501580,8755
8501601-8501602,8501601,8501602,17658
8501602-8501603,8501602,8501603,17673
8501603-8501604,8501603,8501604,17673
8501605-8501636,8501605,8501636,12111
8501605-8501683,8501605,8501683,9239
8501636-8501683,8501636,8501683,4852
8501609-8501950,8501609,8501950,2836
8501609-8501951,8501609,8501951,2652
8501950-8501951,8501950,8501951,2836
8501609-8501952,8501609,8501952,236
8501951-8501952,8501951,8501952,5488
8501609-8507471,8501609,8507471,3702
8501952-8507471,8501952,8507471,4401
8501609-8507472,8501609,8507472,94
8501952-8507472,8501952,8507472,379
8507471-8507472,8507471,8507472,8280
8501636-8501661,8501636,8501661,5506
8501636-8501672,8501636,8501672,707
8501671-8501672,8501671,8501672,6660
8501636-8515296,8501636,8515296,1413
8501689-8515296,8501689,8515296,4485
8501729-8515296,8501729,8515296,1649
8505165-8515296,8505165,8515296,6408
8509179-8515296,8509179,8515296,1090
8501661-8501662,8501661,8501662,6660
8501662-8501663,8501662,8501663,6660
8501663-8501664,8501663,8501664,6660
8501664-8501665,8501664,8501665,6660
8501665-8501666,8501665,8501666,6660
8501666-8501667,8501666,8501667,6660
8501667-8501668,8501667,8501668,6660
8501668-8501669,8501668,8501669,6660
8501669-8501670,8501669,8501670,6660
8501670-8501671,8501670,8501671,6660
8501672-8501673,8501672,8501673,7823
8501673-8501674,8501673,8501674,8056
8501674-8501675,8501674,8501675,8056
8501675-8501676,8501675,8501676,8056
8501676-8501677,8501676,8501677,8056
8501677-8501729,8501677,8501729,8056
8501683-8501684,8501683,8501684,13859
8501684-8501685,8501684,8501685,13844
8501685-8501686,8501685,8501686,13844
8501686-8501687,8501686,8501687,13859
8501687-8501688,8501687,8501688,13859
8501688-8501689,8501688,8501689,36890
8501689-8505165,8501689,8505165,884
8505119-8505165,8505119,8505165,11568
8505164-8505165,8505164,8505165,10644
8501727-8588193,8501727,8588193,372
8530523-8588193,8530523,8588193,7187
8501729-8505163,8501729,8505163,6407
8505119-8505163,8505119,8505163,3938
8502001-8502002,8502001,8502002,11221
8502001-8502003,8502001,8502003,9311
8502002-8502003,8502002,8502003,11224
8502001-8502007,8502001,8502007,18661
8502006-8502007,8502006,8502007,20008
8502001-8502100,8502001,8502100,16642
8502003-8502004,8502003,8502004,20550
8502004-8502005,8502004,8502005,20550
8502005-8502006,8502005,8502006,19950
8502007-8502008,8502007,8502008,20221
8502007-8502009,8502007,8502009,9599
8502008-8502009,8502008,8502009,20231
8502007-8502010,8502007,8502010,10141
8502009-8502010,8502009,8502010,249
8502009-8502011,8502009,8502011,19957
8502010-8502011,8502010,8502011,251
8502009-8502020,8502009,8502020,9599
8502012-8502020,8502012,8502020,20227
8502011-8502012,8502011,8502012,20221
8502017-8502019,8502017,8502019,17504
8502017-8502021,8502017,8502021,2716
8502019-8502021,8502019,8502021,17633
8502020-8502021,8502020,8502021,29811
8502021-8502022,8502021,8502022,20382
8502021-8502028,8502021,8502028,19978
8502024-8502028,8502024,8502028,1491
8502027-8502028,8502027,8502028,17633
8502022-8502023,8502022,8502023,20382
8502023-8502024,8502023,8502024,20382
8502024-8502025,8502024,8502025,17648
8502024-8502042,8502024,8502042,1225
8502028-8502042,8502028,8502042,1491
8502029-8502042,8502029,8502042,30
8502034-8502042,8502034,8502042,17317
8502025-8502026,8502025,8502026,17648
8502026-8502027,8502026,8502027,17648
8502028-8502029,8502028,8502029,17666
8502028-8502200,8502028,8502200,18996
8502029-8502030,8502029,8502030,15662
8502029-8502034,8502029,8502034,1941
8502033-8502034,8502033,8502034,16224
8502030-8502031,8502030,8502031,16224
8502031-8502032,8502031,8502032,16224
8502032-8502033,8502032,8502033,16224
8502034-8502119,8502034,8502119,531
8502042-8502119,8502042,8502119,15695
8502104-8502119,8502104,8502119,16894
8502113-8502119,8502113,8502119,44593
8502114-8502119,8502114,8502119,10732
8502100-8502101,8502100,8502101,16642
8502101-8502102,8502101,8502102,16894
8502102-8502103,8502102,8502103,16894
8502103-8502104,8502103,8502104,16894
8502105-8502106,8502105,8502106,13520
8502105-8502111,8502105,8502111,8993
8502110-8502111,8502110,8502111,10574
8502105-8502211,8502105,8502211,10291
8502106-8502211,8502106,8502211,1754
8502119-8502211,8502119,8502211,3759
8502202-8502211,8502202,8502211,15641
8502111-8502112,8502111,8502112,19525
8502113-8502114,8502113,8502114,29806
8502113-8502115,8502113,8502115,9536
8502114-8502115,8502114,8502115,19091
8502113-8502123,8502113,8502123,34467
8502113-8502177,8502113,8502177,34206
8502115-8502116,8502115,8502116,18822
8502115-8503503,8502115,8503503,9048
8502128-8503503,8502128,8503503,18590
8502247-8503503,8502247,8503503,9980
8503000-8503503,8503000,8503503,175
8503001-8503503,8503001,8503503,487
8503020-8503503,8503020,8503503,252
8503147-8503503,8503147,8503503,9778
8503306-8503503,8503306,8503503,250
8503424-8503503,8503424,8503503,9055
8503502-8503503,8503502,8503503,22234
8502116-8502128,8502116,8502128,19091
8502119-8502120,8502119,8502120,16657
8502119-8502202,8502119,8502202,18988
8502201-8502202,8502201,8502202,20234
8502119-8502237,8502119,8502237,9980
8502215-8502237,8502215,8502237,8553
8502120-8502121,8502120,8502121,16642
8502121-8502122,8502121,8502122,16642
8502123-8502160,8502123,8502160,34467
8502160-8502161,8502160,8502161,34467
8502161-8502162,8502161,8502162,33093
8502162-8502163,8502162,8502163,33068
8502162-8502174,8502162,8502174,25
8502169-8502174,8502169,8502174,33054
8502163-8502164,8502163,8502164,33054
8502164-8502165,8502164,8502165,33054
8502165-8502166,8502165,8502166,33054
8502166-8502167,8502166,8502167,33054
8502167-8502168,8502167,8502168,33054
8502168-8502169,8502168,8502169,33054
8502174-8502176,8502174,8502176,33436
8502174-8502183,8502174,8502183,27
8502176-8502183,8502176,8502183,33054
8502177-8502178,8502177,8502178,34206
8502178-8502179,8502178,8502179,34206
8502179-8502180,8502179,8502180,34206
8502180-8502181,8502180,8502181,29766
8502180-8502195,8502180,8502195,4440
8502194-8502195,8502194,8502195,34206
8502181-8502182,8502181,8502182,34206
8502182-8502191,8502182,8502191,34206
8502183-8502184,8502183,8502184,33093
8502184-8502189,8502184,8502189,34467
8502185-8502186,8502185,8502186,34406
8502185-8502188,8502185,8502188,249
8502187-8502188,8502187,8502188,34640
8502185-8502213,8502185,8502213,1002
8502188-8502213,8502188,8502213,19368
8502204-8502213,8502204,8502213,216
8502212-8502213,8502212,8502213,34799
8502186-8502187,8502186,8502187,34640
8502188-8502248,8502188,8502248,15289
8502213-8502248,8502213,8502248,20225
8502188-8502268,8502188,8502268,250
8502248-8502268,8502248,8502268,34479
8502189-8516450,8502189,8516450,34467
8502191-8502192,8502191,8502192,34206
8502192-8502194,8502192,8502194,34206
8502195-8502196,8502195,8502196,29346
8502195-8502197,8502195,8502197,4440
8502196-8502197,8502196,8502197,34206
8502197-8502199,8502197,8502199,34206
8502200-8502201,8502200,8502201,20234
8502202-8502203,8502202,8502203,36076
8502202-8502204,8502202,8502204,9728
8502203-8502204,8502203,8502204,36076
8502202-8502212,8502202,8502212,3364
8502211-8502212,8502211,8502212,31445
8502204-8502205,8502204,8502205,16793
8502204-8502206,8502204,8502206,64658
8502204-8502220,8502204,8502220,19363
8502204-8502230,8502204,8502230,1238
8502206-8502230,8502206,8502230,33847
8502205-8502231,8502205,8502231,16793
8502206-8502208,8502206,8502208,19620
8502206-8515992,8502206,8515992,721
8502230-8515992,8502230,8515992,7768
8502306-8515992,8502306,8515992,7518
8505000-8515992,8505000,8515992,18562
8502208-8502209,8502208,8502209,19369
8502213-8502214,8502213,8502214,26210
8502213-8502215,8502213,8502215,8553
8502214-8502215,8502214,8502215,24961
8502215-8502216,8502215,8502216,13439
8502215-8502218,8502215,8502218,5785
8502217-8502218,8502217,8502218,13439
8502216-8502217,8502216,8502217,13439
8502218-8502219,8502218,8502219,19235
8502220-8502221,8502220,8502221,35459
8502221-8502222,8502221,8502222,35459
8502222-8502223,8502222,8502223,35459
8502223-8502224,8502223,8502224,35459
8502224-8502225,8502224,8502225,19363
8502224-8502229,8502224,8502229,16096
8502227-8502229,8502227,8502229,19363
8502225-8502226,8502225,8502226,19363
8502226-8502227,8502226,8502227,19363
8502230-8502306,8502230,8502306,17041
8502231-8502300,8502231,8502300,16793
8502237-8502247,8502237,8502247,18533
8502248-8502269,8502248,8502269,998
8502268-8502269,8502268,8502269,19368
8502268-8502270,8502268,8502270,15539
8502269-8502270,8502269,8502270,18990
8502269-8502271,8502269,8502271,1235
8502270-8502271,8502270,8502271,19102
8502270-8502272,8502270,8502272,15288
8502271-8502272,8502271,8502272,20225
8502270-8502273,8502270,8502273,250
8502272-8502273,8502272,8502273,35503
8502273-8502274,8502273,8502274,34905
8502273-8502276,8502273,8502276,691
8502275-8502276,8502275,8502276,34907
8502274-8502275,8502274,8502275,34907
8502276-8502277,8502276,8502277,35331
8502276-8517377,8502276,8517377,251
8517376-8517377,8517376,8517377,34640
8502277-8502278,8502277,8502278,34640
8502277-8503508,8502277,8503508,435
8502278-8503508,8502278,8503508,34640
8503001-8503508,8503001,8503508,3728
8503016-8503508,8503016,8503508,215
8503020-8503508,8503020,8503508,753
8503147-8503508,8503147,8503508,4464
8503306-8503508,8503306,8503508,11778
8503504-8503508,8503504,8503508,7640
8503505-8503508,8503505,8503508,3241
8503506-8503508,8503506,8503508,32539
8502300-8505004,8502300,8505004,10026
8503000-8505004,8503000,8505004,16300
8503284-8505004,8503284,8505004,472
8503286-8505004,8503286,8505004,754
8503292-8505004,8503292,8505004,8514
8503295-8505004,8503295,8505004,472
8505000-8505004,8505000,8505004,9029
8505002-8505004,8505002,8505004,6794
8505003-8505004,8505003,8505004,11252
8502300-8515993,8502300,8515993,6767
8505004-8515993,8505004,8515993,501
8505112-8515993,8505112,8515993,487
8505114-8515993,8505114,8515993,8551
8515992-8515993,8515992,8515993,34568
8503000-8503001,8503000,8503001,111070
8503000-8503003,8503000,8503003,118049
8503001-8503003,8503001,8503003,54944
8503000-8503006,8503000,8503006,90476
8503001-8503006,8503001,8503006,41497
8503003-8503006,8503003,8503006,58894
8503004-8503006,8503004,8503006,37460
8503000-8503009,8503000,8503009,752
8503006-8503009,8503006,8503009,38232
8503000-8503010,8503000,8503010,1313
8503006-8503010,8503006,8503010,16996
8503009-8503010,8503009,8503010,38984
8503000-8503016,8503000,8503016,30322
8503006-8503016,8503006,8503016,45111
8503011-8503016,8503011,8503016,17247
8503015-8503016,8503015,8503016,19870
8503000-8503202,8503000,8503202,4648
8503001-8503202,8503001,8503202,7047
8503010-8503202,8503010,8503202,498
8503016-8503202,8503016,8503202,23739
8503201-8503202,8503201,8503202,38984
8503000-8503206,8503000,8503206,7547
8503202-8503206,8503202,8503206,9047
8503204-8503206,8503204,8503206,16996
8503205-8503206,8503205,8503206,19589
8503000-8503504,8503000,8503504,19071
8503016-8503504,8503016,8503504,7640
8503020-8503504,8503020,8503504,3264
8503141-8503504,8503141,8503504,15600
8503503-8503504,8503503,8503504,61307
8503000-8509000,8503000,8509000,12085
8503225-8509000,8503225,8509000,1706
8506319-8509000,8506319,8509000,7303
8508005-8509000,8508005,8509000,27
8508100-8509000,8508100,8509000,4932
8503000-8509404,8503000,8509404,4299
8506319-8509404,8506319,8509404,1919
8509004-8509404,8509004,8509404,7303
8509402-8509404,8509402,8509404,10007
8503001-8503020,8503001,8503020,2491
8503003-8503020,8503003,8503020,70273
8503004-8503020,8503004,8503020,251
8503006-8503020,8503006,8503020,62147
8503008-8503020,8503008,8503020,21119
8503016-8503020,8503016,8503020,18845
8503003-8503004,8503003,8503004,38662
8503003-8503110,8503003,8503110,499
8503006-8503110,8503006,8503110,250
8503011-8503110,8503011,8503110,752
8503020-8503110,8503020,8503110,36943
8503109-8503110,8503109,8503110,19395
8503003-8503123,8503003,8503123,2008
8503006-8503123,8503006,8503123,19078
8503020-8503123,8503020,8503123,16976
8503122-8503123,8503122,8503123,37694
8503003-8503125,8503003,8503125,502
8503020-8503125,8503020,8503125,18595
8503123-8503125,8503123,8503125,37193
8503124-8503125,8503124,8503125,19578
8503003-8506000,8503003,8506000,2255
8503016-8506000,8503016,8506000,24272
8503134-8506000,8503134,8506000,4650
8503139-8506000,8503139,8506000,14845
8503306-8506000,8503306,8506000,16100
8503307-8506000,8503307,8506000,8803
8503340-8506000,8503340,8506000,19318
8503400-8506000,8503400,8506000,19362
8503424-8506000,8503424,8506000,18611
8503512-8506000,8503512,8506000,36082
8504100-8506000,8504100,8506000,7138
8504300-8506000,8504300,8506000,9282
8505000-8506000,8505000,8506000,6743
8503004-8503100,8503004,8503100,951
8503020-8503100,8503020,8503100,34446
8503006-8503007,8503006,8503007,18864
8503006-8503008,8503006,8503008,2255
8503007-8503008,8503007,8503008,18864
8503006-8503015,8503006,8503015,1003
8503011-8503015,8503011,8503015,18867
8503006-8503126,8503006,8503126,32
8503125-8503126,8503125,8503126,38675
8503006-8503129,8503006,8503129,15534
8503011-8503129,8503011,8503129,18612
8503110-8503129,8503110,8503129,502
8503128-8503129,8503128,8503129,19360
8503010-8503011,8503010,8503011,55980
8503011-8503200,8503011,8503200,502
8503016-8503200,8503016,8503200,19118
8503110-8503200,8503110,8503200,250
8503129-8503200,8503129,8503200,19114
8503016-8503304,8503016,8503304,251
8503020-8503304,8503020,8503304,252
8503112-8503304,8503112,8503304,3155
8503202-8503304,8503202,8503304,15855
8503016-8503305,8503016,8503305,752
8503020-8503305,8503020,8503305,502
8503112-8503305,8503112,8503305,15289
8503129-8503305,8503129,8503305,10523
8503202-8503305,8503202,8503305,2510
8503210-8503305,8503210,8503305,18337
8503225-8503305,8503225,8503305,753
8503303-8503305,8503303,8503305,24253
8503304-8503305,8503304,8503305,19593
8503016-8503307,8503016,8503307,251
8503202-8503307,8503202,8503307,251
8503305-8503307,8503305,8503307,38936
8503020-8503101,8503020,8503101,1749
8503100-8503101,8503100,8503101,35397
8503020-8503104,8503020,8503104,18814
8503101-8503104,8503101,8503104,1749
8503103-8503104,8503103,8503104,19800
8503020-8503147,8503020,8503147,36082
8503123-8503147,8503123,8503147,18742
8503128-8503147,8503128,8503147,19350
8503130-8503147,8503130,8503147,250
8503020-8503310,8503020,8503310,1003
8503125-8503310,8503125,8503310,18081
8503147-8503310,8503147,8503310,18599
8503306-8503310,8503306,8503310,3404
8503020-8503506,8503020,8503506,985
8503147-8503506,8503147,8503506,12535
8503505-8503506,8503505,8503506,19555
8503020-8503526,8503020,8503526,4009
8503525-8503526,8503525,8503526,18864
8503020-8518459,8503020,8518459,501
8503125-8518459,8503125,8518459,3012
8503209-8518459,8503209,8518459,15850
8503051-8503052,8503051,8503052,38944
8503051-8503088,8503051,8503088,1110
8503054-8503088,8503054,8503088,19573
8503055-8503088,8503055,8503088,486
8503056-8503088,8503056,8503088,1451
8503057-8503088,8503057,8503088,16931
8503087-8503088,8503087,8503088,37437
8503052-8503053,8503052,8503053,38944
8503053-8503054,8503053,8503054,38889
8503054-8503055,8503054,8503055,19371
8503055-8503056,8503055,8503056,18884
8503056-8503057,8503056,8503057,16931
8503059-8503060,8503059,8503060,20498
8503059-8503061,8503059,8503061,5420
8503060-8503061,8503060,8503061,25318
8503059-8503062,8503059,8503062,221
8503061-8503062,8503061,8503062,25303
8503059-8503065,8503059,8503065,14340
8503064-8503065,8503064,8503065,24140
8503059-8503067,8503059,8503067,354
8503066-8503067,8503066,8503067,32043
8503062-8503063,8503062,8503063,25088
8503062-8503066,8503062,8503066,432
8503065-8503066,8503065,8503066,28515
8503063-8503064,8503063,8503064,24735
8503065-8503070,8503065,8503070,5068
8503066-8503070,8503066,8503070,246
8503068-8503070,8503068,8503070,18957
8503065-8530811,8503065,8530811,1028
8503072-8530811,8503072,8530811,4332
8503078-8530811,8503078,8530811,32464
8503067-8503068,8503067,8503068,32002
8503067-8503077,8503067,8503077,748
8503075-8503077,8503075,8503077,32043
8503068-8503072,8503068,8503072,217
8503070-8503072,8503070,8503072,25303
8503068-8503074,8503068,8503074,12869
8503072-8503074,8503072,8503074,18118
8503072-8503075,8503072,8503075,432
8503074-8503075,8503074,8503075,30162
8503077-8503078,8503077,8503078,32825
8503086-8503087,8503086,8503087,37437
8503088-8503089,8503088,8503089,28627
8503088-8503090,8503088,8503090,48362
8503089-8503090,8503089,8503090,28627
8503090-8503091,8503090,8503091,37437
8503091-8503093,8503091,8503093,37437
8503093-8503094,8503093,8503094,37437
8503094-8503095,8503094,8503095,37437
8503095-8503096,8503095,8503096,37437
8503096-8503097,8503096,8503097,37437
8503097-8503098,8503097,8503098,4228
8503097-8503099,8503097,8503099,29005
8503098-8503099,8503098,8503099,4228
8503101-8503102,8503101,8503102,35397
8503102-8503103,8503102,8503103,35397
8503103-8503111,8503103,8503111,15597
8503104-8503111,8503104,8503111,2998
8503105-8503111,8503105,8503111,15851
8503110-8503111,8503110,8503111,949
8503104-8503105,8503104,8503105,35246
8503104-8503106,8503104,8503106,1749
8503105-8503106,8503105,8503106,19395
8503106-8503107,8503106,8503107,21114
8503107-8503108,8503107,8503108,21114
8503108-8503109,8503108,8503109,19395
8503110-8503112,8503110,8503112,18436
8503111-8503112,8503111,8503112,936
8503110-8503113,8503110,8503113,9653
8503110-8503115,8503110,8503115,9553
8503113-8503115,8503113,8503115,9653
8503110-8503120,8503110,8503120,37694
8503110-8503209,8503110,8503209,19029
8503116-8503209,8503116,8503209,6554
8503125-8503209,8503125,8503209,16100
8503202-8503209,8503202,8503209,27
8503206-8503209,8503206,8503209,16372
8503207-8503209,8503207,8503209,16996
8503208-8503209,8503208,8503209,19019
8503111-8503141,8503111,8503141,34446
8503112-8503141,8503112,8503141,951
8503115-8503116,8503115,8503116,19071
8503116-8503117,8503116,8503117,10152
8503116-8503118,8503116,8503118,9623
8503116-8503119,8503116,8503119,7098
8503118-8503119,8503118,8503119,9489
8503116-8506200,8503116,8506200,359
8503117-8506200,8503117,8506200,10164
8503284-8506200,8503284,8506200,1210
8503286-8506200,8503286,8506200,251
8505004-8506200,8505004,8506200,754
8505018-8506200,8505018,8506200,6543
8503119-8503225,8503119,8503225,18799
8503209-8503225,8503209,8503225,28
8503221-8503225,8503221,8503225,30365
8503223-8503225,8503223,8503225,956
8503224-8503225,8503224,8503225,7742
8503120-8503121,8503120,8503121,37694
8503121-8503122,8503121,8503122,37680
8503121-8503134,8503121,8503134,15096
8503123-8503124,8503123,8503124,19578
8503123-8503130,8503123,8503130,250
8503129-8503130,8503129,8503130,18858
8503123-8503300,8503123,8503300,250
8503147-8503300,8503147,8503300,18992
8503126-8503127,8503126,8503127,38356
8503127-8503128,8503127,8503128,38708
8503129-8503301,8503129,8503301,5011
8503300-8503301,8503300,8503301,19242
8503134-8503135,8503134,8503135,15096
8503135-8503136,8503135,8503136,15096
8503136-8503137,8503136,8503137,15096
8503137-8503138,8503137,8503138,15096
8503138-8503139,8503138,8503139,15096
8503147-8503306,8503147,8503306,250
8503305-8503306,8503305,8503306,53430
8503147-8503423,8503147,8503423,9055
8503307-8503423,8503307,8503423,8054
8503421-8503423,8503421,8503423,19598
8503200-8503201,8503200,8503201,38984
8503202-8503203,8503202,8503203,19613
8503202-8503204,8503202,8503204,16996
8503203-8503204,8503203,8503204,19613
8503204-8503205,8503204,8503205,19613
8503206-8503207,8503206,8503207,36585
8503206-8503283,8503206,8503283,19139
8503209-8503283,8503209,8503283,16389
8503206-8503286,8503206,8503286,1252
8503209-8503286,8503209,8503286,251
8503284-8503286,8503284,8503286,1005
8503285-8503286,8503285,8503286,36501
8503207-8503208,8503207,8503208,19589
8503209-8503210,8503209,8503210,19589
8503209-8503211,8503209,8503211,16996
8503210-8503211,8503210,8503211,1002
8503209-8503220,8503209,8503220,7126
8503211-8503220,8503211,8503220,17998
8503209-8503221,8503209,8503221,8221
8503220-8503221,8503220,8503221,25357
8503209-8503280,8503209,8503280,472
8503209-8503282,8503209,8503282,7297
8503281-8503282,8503281,8503282,8986
8503209-8503284,8503209,8503284,2006
8503282-8503284,8503282,8503284,16755
8503283-8503284,8503283,8503284,36266
8503209-8503299,8503209,8503299,472
8503295-8503299,8503295,8503299,16891
8503221-8503222,8503221,8503222,8683
8503222-8503223,8503222,8503223,8683
8503223-8503224,8503223,8503224,7742
8503225-8503226,8503225,8503226,17002
8503225-8509411,8503225,8509411,7062
8509002-8509411,8509002,8509411,12152
8509004-8509411,8509004,8509411,27351
8509404-8509411,8509404,8509411,13644
8509406-8509411,8509406,8509411,9454
8503226-8503227,8503226,8503227,17030
8503227-8503228,8503227,8503228,17295
8503228-8503230,8503228,8503230,17295
8503230-8503231,8503230,8503231,17310
8503231-8503232,8503231,8503232,17937
8503232-8503233,8503232,8503233,17937
8503233-8503234,8503233,8503234,10235
8503234-8503235,8503234,8503235,10235
8503235-8503236,8503235,8503236,10235
8503236-8503237,8503236,8503237,10235
8503237-8503238,8503237,8503238,10235
8503238-8503239,8503238,8503239,10235
8503239-8503240,8503239,8503240,10235
8503280-8503281,8503280,8503281,8986
8503284-8503285,8503284,8503285,36501
8503284-8503290,8503284,8503290,8514
8503289-8503290,8503289,8503290,472
8503286-8503287,8503286,8503287,20391
8503286-8503288,8503286,8503288,17613
8503287-8503293,8503287,8503293,20391
8503288-8503289,8503288,8503289,17363
8503289-8503294,8503289,8503294,16891
8503292-8503294,8503292,8503294,472
8503290-8503292,8503290,8503292,8986
8503294-8503295,8503294,8503295,17363
8503301-8503302,8503301,8503302,24253
8503302-8503303,8503302,8503303,24253
8503307-8503308,8503307,8503308,19318
8503308-8503309,8503308,8503309,19318
8503309-8503340,8503309,8503340,19318
8503310-8503311,8503310,8503311,37679
8503310-8503312,8503310,8503312,3396
8503311-8503312,8503311,8503312,37679
8503312-8503313,8503312,8503313,19097
8503312-8503314,8503312,8503314,19333
8503314-8503315,8503314,8503315,19333
8503315-8503316,8503315,8503316,19333
8503316-8503317,8503316,8503317,19333
8503317-8503318,8503317,8503318,19333
8503318-8503319,8503318,8503319,19318
8503400-8503401,8503400,8503401,19347
8503400-8503402,8503400,8503402,17955
8503401-8503402,8503401,8503402,19347
8503402-8503403,8503402,8503403,19347
8503402-8503405,8503402,8503405,17949
8503403-8503404,8503403,8503404,19347
8503404-8503420,8503404,8503420,14314
8503409-8503410,8503409,8503410,28535
8503410-8503411,8503410,8503411,28612
8503411-8503413,8503411,8503413,18032
8503413-8503414,8503413,8503414,17955
8503414-8503415,8503414,8503415,17955
8503420-8503421,8503420,8503421,14318
8503424-8503425,8503424,8503425,18310
8503424-8506039,8503424,8506039,195
8506000-8506039,8506000,8506039,19096
8503424-8518243,8503424,8518243,23619
8503424-8518924,8503424,8518924,19598
8503425-8503426,8503425,8503426,18310
8503426-8503427,8503426,8503427,18310
8503427-8503428,8503427,8503428,18250
8503428-8503429,8503428,8503429,18280
8503429-8506025,8503429,8506025,18250
8506024-8506025,8506024,8506025,17311
8503501-8503502,8503501,8503502,22264
8503503-8516176,8503503,8516176,188
8503504-8516176,8503504,8516176,18292
8503505-8516176,8503505,8516176,752
8503508-8516176,8503508,8516176,3005
8503504-8503505,8503504,8503505,51467
8503505-8503525,8503505,8503525,18864
8503508-8503509,8503508,8503509,38323
8503508-8517376,8503508,8517376,34640
8503509-8503511,8503509,8503511,19586
8503509-8503512,8503509,8503512,18737
8503511-8503512,8503511,8503512,19586
8503512-8516219,8503512,8516219,985
8506003-8516219,8506003,8516219,740
8506008-8516219,8506008,8516219,2991
8506038-8516219,8506038,8516219,8803
8503526-8503527,8503526,8503527,18864
8503527-8503528,8503527,8503528,18864
8503528-8503529,8503528,8503529,18864
8504000-8504003,8504000,8504003,9013
8504000-8504007,8504000,8504007,10262
8504003-8504007,8504003,8504007,499
8504003-8504010,8504003,8504010,8514
8504007-8504010,8504007,8504010,10661
8504010-8504011,8504010,8504011,19275
8504012-8504013,8504012,8504013,9114
8504013-8504015,8504013,8504015,9114
8504014-8504016,8504014,8504016,17934
8504014-8504020,8504014,8504020,2837
8504014-8504023,8504014,8504023,10272
8504021-8504023,8504021,8504023,2837
8504014-8504060,8504014,8504060,15068
8504015-8504040,8504015,8504040,9114
8504016-8504017,8504016,8504017,17934
8504017-8504018,8504017,8504018,17934
8504018-8504120,8504018,8504120,17934
8504020-8504021,8504020,8504021,2837
8504023-8504024,8504023,8504024,15377
8504023-8504084,8504023,8504084,1475
8504023-8504086,8504023,8504086,16462
8504066-8504086,8504066,8504086,15030
8504079-8504086,8504079,8504086,4312
8504084-8504086,8504084,8504086,728
8504024-8504025,8504024,8504025,15377
8504025-8504026,8504025,8504026,15377
8504026-8504027,8504026,8504027,15377
8504027-8504028,8504027,8504028,15377
8504028-8504029,8504028,8504029,15377
8504029-8504030,8504029,8504030,15377
8504060-8504061,8504060,8504061,15323
8504061-8504062,8504061,8504062,15323
8504062-8504063,8504062,8504063,15068
8504063-8504064,8504063,8504064,11235
8504063-8504065,8504063,8504065,4088
8504064-8504065,8504064,8504065,11935
8504065-8504066,8504065,8504066,15323
8504070-8504071,8504070,8504071,4312
8504071-8504072,8504071,8504072,4312
8504072-8504073,8504072,8504073,4312
8504073-8504074,8504073,8504074,4312
8504074-8504075,8504074,8504075,4301
8504075-8504077,8504075,8504077,4312
8504077-8504078,8504077,8504078,4312
8504078-8504079,8504078,8504079,4312
8504100-8504101,8504100,8504101,31713
8504100-8504103,8504100,8504103,200
8504101-8504103,8504101,8504103,251
8504102-8504103,8504102,8504103,17693
8504100-8504128,8504100,8504128,14030
8504126-8504128,8504126,8504128,1199
8504127-8504128,8504127,8504128,12416
8504100-8504130,8504100,8504130,17256
8504100-8504181,8504100,8504181,3608
8504128-8504181,8504128,8504181,8466
8504140-8504181,8504140,8504181,9033
8504144-8504181,8504144,8504181,17257
8504100-8519133,8504100,8519133,1097
8504101-8519133,8504101,8519133,42
8504102-8519133,8504102,8519133,1867
8507000-8519133,8507000,8519133,498
8516161-8519133,8516161,8519133,19098
8504101-8504102,8504101,8504102,18965
8504103-8504104,8504103,8504104,19747
8504103-8504105,8504103,8504105,18345
8504104-8504105,8504104,8504105,19776
8504103-8504191,8504103,8504191,29
8504117-8504191,8504117,8504191,18555
8504105-8504106,8504105,8504106,37056
8504106-8504108,8504106,8504108,37056
8504108-8504113,8504108,8504113,18488
8504108-8504115,8504108,8504115,17475
8504113-8504115,8504113,8504115,19030
8504115-8504117,8504115,8504117,19777
8504120-8504121,8504120,8504121,17934
8504121-8504122,8504121,8504122,17934
8504122-8504123,8504122,8504123,10467
8504122-8504124,8504122,8504124,236
8504123-8504124,8504123,8504124,10941
8504122-8504134,8504122,8504134,7007
8504126-8504134,8504126,8504134,946
8504129-8504134,8504129,8504134,13634
8504133-8504134,8504133,8504134,17729
8504123-8504126,8504123,8504126,473
8504125-8504126,8504125,8504126,12655
8504124-8504125,8504124,8504125,11177
8504126-8504127,8504126,8504127,12416
8504128-8504129,8504128,8504129,20100
8504128-8504140,8504128,8504140,9037
8504129-8504140,8504129,8504140,6544
8504134-8504140,8504134,8504140,13631
8504130-8504131,8504130,8504131,17729
8504131-8504132,8504131,8504132,17729
8504132-8504133,8504132,8504133,17729
8504134-8504135,8504134,8504135,17257
8504134-8504141,8504134,8504141,1008
8504140-8504141,8504140,8504141,9757
8504134-8504144,8504134,8504144,472
8504139-8504144,8504139,8504144,17257
8504135-8504136,8504135,8504136,17257
8504136-8504137,8504136,8504137,17257
8504137-8504138,8504137,8504138,17257
8504138-8504139,8504138,8504139,17257
8504140-8504400,8504140,8504400,10197
8504141-8504400,8504141,8504400,9966
8504221-8504400,8504221,8504400,10776
8504314-8504400,8504314,8504400,9233
8504181-8504182,8504181,8504182,15189
8504182-8504183,8504182,8504183,17736
8504183-8504184,8504183,8504184,17741
8504184-8504185,8504184,8504185,17506
8504185-8504186,8504185,8504186,17506
8504186-8504188,8504186,8504188,17083
8504188-8504221,8504188,8504221,8044
8504200-8504221,8504200,8504221,19793
8504215-8504221,8504215,8504221,1480
8504220-8504221,8504220,8504221,23607
8504188-8504483,8504188,8504483,9033
8504400-8504483,8504400,8504483,11610
8504468-8504483,8504468,8504483,634
8504475-8504483,8504475,8504483,14362
8504480-8504483,8504480,8504483,248
8504481-8504483,8504481,8504483,8275
8504482-8504483,8504482,8504483,9756
8504191-8504192,8504191,8504192,18605
8504192-8504194,8504192,8504194,18065
8504200-8504201,8504200,8504201,23168
8504200-8504291,8504200,8504291,13772
8504201-8504203,8504201,8504203,2952
8504203-8504204,8504203,8504204,2952
8504204-8504205,8504204,8504205,2910
8504205-8504206,8504205,8504206,9475
8504206-8504208,8504206,8504208,9280
8504208-8504209,8504208,8504209,9475
8504209-8504219,8504209,8504219,9449
8504218-8504219,8504218,8504219,14266
8504215-8504216,8504215,8504216,14266
8504216-8504217,8504216,8504217,14266
8504217-8504218,8504217,8504218,14266
8504219-8504220,8504219,8504220,23607
8504221-8504222,8504221,8504222,13916
8504221-8504231,8504221,8504231,16526
8504221-8504234,8504221,8504234,19009
8504221-8504284,8504221,8504284,14171
8504221-8504480,8504221,8504480,8034
8504400-8504480,8504400,8504480,10510
8504222-8504223,8504222,8504223,13916
8504223-8504224,8504223,8504224,13916
8504224-8504225,8504224,8504225,13916
8504225-8504226,8504225,8504226,13600
8504226-8504227,8504226,8504227,13600
8504227-8504228,8504227,8504228,13600
8504228-8504229,8504228,8504229,13600
8504231-8504232,8504231,8504232,16526
8504234-8504236,8504234,8504236,19009
8504236-8504237,8504236,8504237,19009
8504284-8504285,8504284,8504285,14266
8504285-8504286,8504285,8504286,14266
8504286-8504287,8504286,8504287,14266
8504287-8504288,8504287,8504288,16252
8504291-8504292,8504291,8504292,13772
8504292-8504293,8504292,8504293,13772
8504293-8504294,8504293,8504294,13772
8504294-8504295,8504294,8504295,13772
8504295-8504296,8504295,8504296,13772
8504296-8504298,8504296,8504298,13772
8504298-8530263,8504298,8530263,11154
8504300-8504301,8504300,8504301,9930
8504300-8504302,8504300,8504302,250
8504301-8504302,8504301,8504302,9930
8504300-8504419,8504300,8504419,19169
8504300-8504461,8504300,8504461,27194
8504302-8504303,8504302,8504303,10180
8504304-8504305,8504304,8504305,10585
8504304-8504307,8504304,8504307,7266
8504306-8504307,8504306,8504307,10585
8504305-8504306,8504305,8504306,10585
8504307-8504308,8504307,8504308,10585
8504307-8504310,8504307,8504310,7267
8504309-8504310,8504309,8504310,10585
8504308-8504309,8504308,8504309,10585
8504310-8504311,8504310,8504311,10335
8504311-8504312,8504311,8504312,10335
8504314-8504315,8504314,8504315,22611
8504314-8504316,8504314,8504316,250
8504315-8504316,8504315,8504316,22607
8504314-8504381,8504314,8504381,8586
8504316-8504317,8504316,8504317,3118
8504316-8504321,8504316,8504321,9769
8504316-8504391,8504316,8504391,10139
8504325-8504398,8504325,8504398,21443
8504381-8504382,8504381,8504382,8586
8504382-8504383,8504382,8504383,8586
8504383-8504384,8504383,8504384,8775
8504383-8504385,8504383,8504385,189
8504384-8504385,8504384,8504385,8775
8504385-8504386,8504385,8504386,8775
8504385-8504388,8504385,8504388,189
8504387-8504388,8504387,8504388,8775
8504386-8504387,8504386,8504387,8775
8504388-8530011,8504388,8530011,8774
8504391-8504392,8504391,8504392,10139
8504392-8530260,8504392,8530260,10139
8504398-8504509,8504398,8504509,21346
8504398-8504510,8504398,8504510,94
8504509-8504510,8504509,8504510,21347
8504400-8504401,8504400,8504401,9553
8504400-8504486,8504400,8504486,16054
8504484-8504486,8504484,8504486,3351
8504401-8504402,8504401,8504402,9553
8504402-8504403,8504402,8504403,9553
8504403-8504404,8504403,8504404,9553
8504410-8504411,8504410,8504411,34195
8504410-8507002,8504410,8507002,469
8507000-8507002,8507000,8507002,38805
8504411-8504412,8504411,8504412,21746
8504412-8504413,8504412,8504413,18975
8504414-8504415,8504414,8504415,31530
8504414-8516444,8504414,8516444,6039
8504414-8518749,8504414,8518749,3514
8516444-8518749,8516444,8518749,6039
8504415-8504416,8504415,8504416,18962
8504416-8504441,8504416,8504441,18960
8504419-8518771,8504419,8518771,19169
8504461-8504462,8504461,8504462,27194
8504462-8504463,8504462,8504463,27194
8504463-8504464,8504463,8504464,15381
8504463-8504469,8504463,8504469,12044
8504466-8504469,8504466,8504469,751
8504468-8504469,8504468,8504469,14065
8504464-8504465,8504464,8504465,15381
8504465-8504466,8504465,8504466,15381
8504466-8504467,8504466,8504467,14961
8504467-8504468,8504467,8504468,15100
8504469-8504470,8504469,8504470,27194
8504470-8504471,8504470,8504471,27194
8504471-8504472,8504471,8504472,27194
8504472-8504474,8504472,8504474,27194
8504474-8504475,8504474,8504475,27194
8504480-8504481,8504480,8504481,18001
8504481-8504482,8504481,8504482,10026
8504483-8504484,8504483,8504484,12891
8504484-8504490,8504484,8504490,9540
8504489-8504490,8504489,8504490,486
8504486-8504487,8504486,8504487,19127
8504487-8504488,8504487,8504488,10105
8504487-8504489,8504487,8504489,9018
8504488-8504489,8504488,8504489,10104
8504489-8504495,8504489,8504495,26704
8504490-8504495,8504490,8504495,486
8504510-8504511,8504510,8504511,21439
8504511-8530708,8504511,8530708,21346
8504511-8530711,8504511,8530711,94
8530710-8530711,8530710,8530711,21346
8505000-8505001,8505000,8505001,11545
8505000-8505002,8505000,8505002,7768
8505001-8505002,8505001,8505002,11504
8505000-8507492,8505000,8507492,6344
8507389-8507492,8507389,8507492,16484
8507483-8507492,8507483,8507492,18466
8505000-8508207,8505000,8508207,253
8508081-8508207,8508081,8508207,9136
8508202-8508207,8508202,8508207,9036
8508205-8508207,8508205,8508207,320
8508206-8508207,8508206,8508207,19027
8505000-8508215,8505000,8508215,21633
8508187-8508215,8508187,8508215,14305
8508213-8508215,8508213,8508215,19264
8505000-8508308,8505000,8508308,1212
8508305-8508308,8508305,8508308,5919
8508306-8508308,8508306,8508308,9262
8505000-8508312,8505000,8508312,19016
8508311-8508312,8508311,8508312,7556
8505000-8508313,8505000,8508313,2004
8508312-8508313,8508312,8508313,27160
8505000-8508318,8505000,8508318,23094
8508316-8508318,8508316,8508318,2004
8508317-8508318,8508317,8508318,19604
8505000-8508319,8505000,8508319,2839
8508318-8508319,8508318,8508319,39930
8505000-8508384,8505000,8508384,8804
8508318-8508384,8508318,8508384,236
8508319-8508384,8508319,8508384,252
8505000-8515995,8505000,8515995,1222
8515993-8515995,8515993,8515995,33847
8505000-8516353,8505000,8516353,17670
8505002-8505003,8505002,8505003,11537
8505002-8505018,8505002,8505018,974
8505004-8505018,8505004,8505018,6794
8505011-8505018,8505011,8505018,10934
8505004-8505005,8505004,8505005,21297
8505004-8505006,8505004,8505006,8329
8505005-8505006,8505005,8505006,21286
8505004-8505011,8505004,8505011,751
8505007-8505011,8505007,8505011,10784
8505004-8505112,8505004,8505112,204
8505007-8505112,8505007,8505112,8329
8505111-8505112,8505111,8505112,10022
8505004-8505113,8505004,8505113,4016
8505112-8505113,8505112,8505113,17864
8505004-8505213,8505004,8505213,9838
8505113-8505213,8505113,8505213,3371
8505201-8505213,8505201,8505213,204
8505209-8505213,8505209,8505213,405
8505212-8505213,8505212,8505213,48402
8505004-8515994,8505004,8515994,251
8505007-8515994,8505007,8515994,235
8515993-8515994,8515993,8515994,16306
8505006-8505007,8505006,8505007,29626
8505007-8505111,8505007,8505111,9761
8505018-8505111,8505018,8505111,247
8505018-8517336,8505018,8517336,12511
8505114-8517336,8505114,8517336,246
8506302-8517336,8506302,8517336,6543
8505112-8505119,8505112,8505119,204
8505114-8505119,8505114,8505119,8077
8505113-8505114,8505113,8505114,17864
8505113-8505209,8505113,8505209,390
8505207-8505209,8505207,8505209,8803
8505119-8505201,8505119,8505201,8281
8505163-8505164,8505163,8505164,10644
8505165-8505170,8505165,8505170,6348
8505165-8509179,8505165,8509179,1090
8505180-8509179,8505180,8509179,6488
8509000-8509179,8509000,8509179,1066
8509178-8509179,8509178,8509179,8992
8505170-8505172,8505170,8505172,6348
8505172-8505173,8505172,8505173,6348
8505173-8505174,8505173,8505174,6348
8505174-8505175,8505174,8505175,8308
8505175-8505176,8505175,8505176,8308
8505176-8505177,8505176,8505177,6488
8505177-8505178,8505177,8505178,6488
8505178-8505179,8505178,8505179,6488
8505179-8505180,8505179,8505180,6488
8505201-8505202,8505201,8505202,8803
8505202-8505204,8505202,8505204,8803
8505204-8505205,8505204,8505205,8803
8505205-8505207,8505205,8505207,8803
8505209-8505212,8505209,8505212,27903
8505213-8505214,8505213,8505214,51331
8505213-8505300,8505213,8505300,13606
8505214-8505300,8505214,8505300,18527
8505219-8505300,8505219,8505300,21009
8505213-8505405,8505213,8505405,370
8505214-8505405,8505214,8505405,321
8505404-8505405,8505404,8505405,3364
8505213-8505415,8505213,8505415,28
8505214-8505415,8505214,8505415,28
8505401-8505415,8505401,8505415,1396
8505404-8505415,8505404,8505415,325
8505410-8505415,8505410,8505415,943
8505412-8505415,8505412,8505415,37834
8505214-8505216,8505214,8505216,20962
8505214-8505400,8505214,8505400,26350
8505300-8505400,8505300,8505400,1946
8505307-8505400,8505307,8505400,16125
8505214-8505401,8505214,8505401,467
8505300-8505401,8505300,8505401,146
8505307-8505401,8505307,8505401,175
8505400-8505401,8505400,8505401,45059
8505214-8505404,8505214,8505404,642
8505300-8505404,8505300,8505404,130
8505307-8505404,8505307,8505404,130
8505401-8505404,8505401,8505404,5675
8505402-8505404,8505402,8505404,32879
8505216-8505217,8505216,8505217,20899
8505217-8505218,8505217,8505218,20979
8505218-8505219,8505218,8505219,20933
8505226-8507380,8505226,8507380,8169
8505300-8505301,8505300,8505301,43917
8505300-8505305,8505300,8505305,1325
8505301-8505305,8505301,8505305,13222
8505303-8505305,8505303,8505305,251
8505304-8505305,8505304,8505305,30045
8505300-8505307,8505300,8505307,5931
8505305-8505307,8505305,8505307,16171
8505306-8505307,8505306,8505307,28814
8505301-8505302,8505301,8505302,30204
8505301-8505303,8505301,8505303,251
8505302-8505303,8505302,8505303,30204
8505303-8505304,8505303,8505304,30199
8505305-8505306,8505305,8505306,29685
8505305-8517519,8505305,8517519,17265
8505305-8518475,8505305,8518475,16250
8505307-8518475,8505307,8518475,10782
8505415-8518475,8505415,8518475,3157
8505390-8505391,8505390,8505391,31021
8505391-8505392,8505391,8505392,31021
8505392-8505393,8505392,8505393,31021
8505393-8505394,8505393,8505394,30895
8505394-8505395,8505394,8505395,31021
8505395-8505396,8505395,8505396,31021
8505396-8505397,8505396,8505397,30958
8505397-8505398,8505397,8505398,31021
8505398-8505399,8505398,8505399,31021
8505399-8530789,8505399,8530789,31021
8505401-8505402,8505401,8505402,38464
8505402-8505412,8505402,8505412,5585
8505404-8505412,8505404,8505412,30182
8505405-8505406,8505405,8505406,4104
8505406-8505407,8505406,8505407,4104
8505407-8505408,8505407,8505408,4042
8505407-8505410,8505407,8505410,62
8505408-8505410,8505408,8505410,3969
8505408-8505861,8505408,8505861,72
8505410-8505861,8505410,8505861,2964
8505415-8505861,8505415,8505861,943
8505467-8505470,8505467,8505470,10231
8505470-8505471,8505470,8505471,13672
8505470-8505473,8505470,8505473,708
8505471-8505473,8505471,8505473,5467
8505472-8505473,8505472,8505473,8205
8505471-8505472,8505471,8505472,8205
8505473-8505491,8505473,8505491,10732
8505473-8505494,8505473,8505494,3648
8505493-8505494,8505493,8505494,10230
8505491-8505492,8505491,8505492,10732
8505492-8505493,8505492,8505493,10732
8505494-8505495,8505494,8505495,6746
8505494-8505496,8505494,8505496,890
8505495-8505496,8505495,8505496,6731
8505494-8505499,8505494,8505499,2509
8505496-8505499,8505496,8505499,920
8505497-8505499,8505497,8505499,589
8505498-8505499,8505498,8505499,4978
8505496-8505497,8505496,8505497,5713
8505497-8505498,8505497,8505498,4978
8505499-8505578,8505499,8505578,986
8505499-8505580,8505499,8505580,3118
8505578-8505580,8505578,8505580,986
8505580-8505581,8505580,8505581,4119
8505581-8505584,8505581,8505584,4119
8505584-8505585,8505584,8505585,4119
8505585-8505588,8505585,8505588,690
8505585-8505589,8505585,8505589,236
8505588-8505589,8505588,8505589,455
8505585-8505590,8505585,8505590,295
8505588-8505590,8505588,8505590,235
8505589-8505590,8505589,8505590,691
8505585-8505593,8505585,8505593,2898
8505590-8505593,8505590,8505593,985
8505592-8505593,8505592,8505593,236
8505590-8505592,8505590,8505592,236
8505593-8505594,8505593,8505594,1207
8505593-8505597,8505593,8505597,2912
8505594-8505597,8505594,8505597,1207
8505597-8505599,8505597,8505599,926
8505861-8505862,8505861,8505862,3907
8505862-8505874,8505862,8505874,3907
8506000-8506001,8506000,8506001,47738
8506000-8506016,8506000,8506016,48489
8506000-8506041,8506000,8506041,19362
8506000-8506047,8506000,8506047,8555
8506046-8506047,8506046,8506047,19306
8506000-8506100,8506000,8506100,20641
8506019-8506100,8506019,8506100,19867
8506000-8506206,8506000,8506206,18676
8506035-8506206,8506035,8506206,19834
8506121-8506206,8506121,8506206,185
8506143-8506206,8506143,8506206,1161
8506148-8506206,8506148,8506206,16330
8506178-8506206,8506178,8506206,4236
8506179-8506206,8506179,8506206,18615
8506190-8506206,8506190,8506206,17312
8506205-8506206,8506205,8506206,19863
8506000-8506302,8506000,8506302,12499
8506121-8506302,8506121,8506302,473
8506148-8506302,8506148,8506302,724
8506210-8506302,8506210,8506302,19112
8506270-8506302,8506270,8506302,7019
8506276-8506302,8506276,8506302,660
8506286-8506302,8506286,8506302,17808
8506290-8506302,8506290,8506302,34358
8506292-8506302,8506292,8506302,1253
8506294-8506302,8506294,8506302,9892
8506299-8506302,8506299,8506302,8304
8506301-8506302,8506301,8506302,32844
8506001-8506002,8506001,8506002,27941
8506001-8506010,8506001,8506010,19803
8506002-8506003,8506002,8506003,27690
8506003-8506004,8506003,8506004,24240
8506004-8506005,8506004,8506005,24240
8506005-8506006,8506005,8506006,24240
8506006-8506007,8506006,8506007,24240
8506007-8506008,8506007,8506008,24240
8506008-8506009,8506008,8506009,19495
8506010-8506011,8506010,8506011,19833
8506011-8506012,8506011,8506012,19833
8506012-8506013,8506012,8506013,19833
8506013-8506014,8506013,8506014,19833
8506014-8506015,8506014,8506015,19833
8506015-8506035,8506015,8506035,19834
8506016-8506017,8506016,8506017,19867
8506016-8506020,8506016,8506020,28372
8506017-8506018,8506017,8506018,19867
8506018-8506019,8506018,8506019,19867
8506020-8506021,8506020,8506021,16507
8506020-8506036,8506020,8506036,10560
8506025-8506036,8506025,8506036,17820
8506021-8506022,8506021,8506022,16507
8506022-8506023,8506022,8506023,16507
8506023-8506024,8506023,8506024,17820
8506025-8506118,8506025,8506118,18250
8506036-8506038,8506036,8506038,28380
8506038-8506139,8506038,8506139,17820
8506138-8506139,8506138,8506139,18737
8506039-8506045,8506039,8506045,19111
8506039-8506046,8506039,8506046,195
8506045-8506046,8506045,8506046,19111
8506041-8506042,8506041,8506042,19362
8506042-8506043,8506042,8506043,19342
8506043-8506044,8506043,8506044,19362
8506047-8506048,8506047,8506048,19807
8506048-8506049,8506048,8506049,19523
8506100-8506101,8506100,8506101,19867
8506100-8506105,8506100,8506105,20642
8506104-8506105,8506104,8506105,19867
8506100-8506169,8506100,8506169,18615
8506101-8506102,8506101,8506102,19867
8506102-8506103,8506102,8506103,19867
8506103-8506104,8506103,8506104,19867
8506105-8506106,8506105,8506106,36490
8506105-8506109,8506105,8506109,19577
8506108-8506109,8506108,8506109,17310
8506105-8506128,8506105,8506128,476
8506121-8506128,8506121,8506128,15736
8506127-8506128,8506127,8506128,18922
8506105-8506131,8506105,8506131,45090
8506118-8506131,8506118,8506131,739
8506128-8506131,8506128,8506131,19367
8506105-8506168,8506105,8506168,503
8506121-8506168,8506121,8506168,16809
8506106-8506107,8506106,8506107,17295
8506106-8506210,8506106,8506210,14580
8506209-8506210,8506209,8506210,37310
8506106-8506213,8506106,8506213,4522
8506212-8506213,8506212,8506213,14648
8506106-8506217,8506106,8506217,93
8506121-8506217,8506121,8506217,1755
8506206-8506217,8506206,8506217,16809
8506216-8506217,8506216,8506217,18715
8506107-8506108,8506107,8506108,17310
8506109-8506121,8506109,8506121,36872
8506119-8506121,8506119,8506121,18953
8506118-8506119,8506118,8506119,18028
8506121-8506122,8506121,8506122,18968
8506121-8506306,8506121,8506306,19588
8506278-8506306,8506278,8506306,3844
8506122-8506123,8506122,8506123,18968
8506123-8506124,8506123,8506124,14405
8506123-8506125,8506123,8506125,4548
8506124-8506125,8506124,8506125,14374
8506124-8506127,8506124,8506127,31
8506126-8506127,8506126,8506127,18877
8506125-8506126,8506125,8506126,18877
8506127-8506143,8506127,8506143,31
8506131-8506143,8506131,8506143,894
8506139-8506143,8506139,8506143,18028
8506128-8506290,8506128,8506290,16029
8506200-8506290,8506200,8506290,9633
8506201-8506290,8506201,8506290,18196
8506286-8506290,8506286,8506290,6282
8506289-8506290,8506289,8506290,10137
8506131-8506132,8506131,8506132,18737
8506131-8506193,8506131,8506193,34895
8506132-8506133,8506132,8506133,18767
8506133-8506134,8506133,8506134,18797
8506134-8506135,8506134,8506135,18797
8506135-8506136,8506135,8506136,18797
8506136-8506137,8506136,8506137,18737
8506137-8506138,8506137,8506138,18737
8506139-8506148,8506139,8506148,488
8506143-8506148,8506143,8506148,17792
8506148-8588122,8506148,8588122,708
8506398-8588122,8506398,8588122,18200
8506168-8506181,8506168,8506181,17312
8506169-8506170,8506169,8506170,18614
8506170-8506171,8506170,8506171,18614
8506170-8506176,8506170,8506176,4236
8506175-8506176,8506175,8506176,18614
8506171-8506173,8506171,8506173,18615
8506173-8506174,8506173,8506174,18615
8506174-8506175,8506174,8506175,18614
8506176-8506177,8506176,8506177,22850
8506177-8506178,8506177,8506178,22850
8506178-8506179,8506178,8506179,18614
8506181-8506182,8506181,8506182,17312
8506182-8506183,8506182,8506183,17312
8506183-8506184,8506183,8506184,17312
8506184-8506185,8506184,8506185,17312
8506185-8506188,8506185,8506188,17312
8506188-8506190,8506188,8506190,17312
8506193-8506194,8506193,8506194,34975
8506194-8506195,8506194,8506195,34973
8506195-8506196,8506195,8506196,34974
8506196-8506197,8506196,8506197,34690
8506197-8506198,8506197,8506198,34975
8506200-8506201,8506200,8506201,38059
8506200-8506297,8506200,8506297,251
8506294-8506297,8506294,8506297,8304
8506201-8506202,8506201,8506202,19863
8506202-8506203,8506202,8506203,19863
8506203-8506204,8506203,8506204,19863
8506204-8506205,8506204,8506205,19863
8506206-8506208,8506206,8506208,37310
8506206-8516218,8506206,8516218,19833
8506208-8506209,8506208,8506209,37310
8506210-8506211,8506210,8506211,14667
8506210-8506271,8506210,8506271,17104
8506210-8506300,8506210,8506300,18177
8506216-8506300,8506216,8506300,87
8506217-8506300,8506217,8506300,14580
8506211-8506212,8506211,8506212,14667
8506213-8506214,8506213,8506214,19197
8506214-8506215,8506214,8506215,19197
8506215-8506216,8506215,8506216,19197
8506270-8506276,8506270,8506276,19316
8506270-8506286,8506270,8506286,999
8506276-8506286,8506276,8506286,16901
8506285-8506286,8506285,8506286,17102
8506271-8506275,8506271,8506275,10300
8506271-8506280,8506271,8506280,6802
8506277-8506280,8506277,8506280,10137
8506275-8506277,8506275,8506277,10137
8506276-8506377,8506276,8506377,214
8506375-8506377,8506375,8506377,909
8506376-8506377,8506376,8506377,17810
8506278-8506311,8506278,8506311,3983
8506302-8506311,8506302,8506311,16678
8506305-8506311,8506305,8506311,28435
8506306-8506311,8506306,8506311,3844
8506309-8506311,8506309,8506311,19588
8506280-8506281,8506280,8506281,17102
8506281-8506282,8506281,8506282,17102
8506282-8506283,8506282,8506283,17102
8506283-8506284,8506283,8506284,17102
8506284-8506285,8506284,8506285,17102
8506286-8506288,8506286,8506288,9938
8506288-8506289,8506288,8506289,10137
8506290-8506291,8506290,8506291,18196
8506290-8506292,8506290,8506292,1253
8506291-8506292,8506291,8506292,18196
8506292-8506293,8506292,8506293,18196
8506293-8506294,8506293,8506294,18196
8506297-8506298,8506297,8506298,8555
8506298-8506299,8506298,8506299,8555
8506300-8506301,8506300,8506301,32844
8506302-8506303,8506302,8506303,52152
8506302-8506314,8506302,8506314,2629
8506311-8506314,8506311,8506314,9252
8506313-8506314,8506313,8506314,28183
8506302-8506358,8506302,8506358,27624
8506302-8506392,8506302,8506392,9375
8506322-8506392,8506322,8506392,18093
8506303-8506304,8506303,8506304,19847
8506303-8506305,8506303,8506305,8588
8506304-8506305,8506304,8506305,19847
8506303-8506393,8506303,8506393,23719
8506306-8506307,8506306,8506307,19588
8506307-8506308,8506307,8506308,19588
8506308-8506309,8506308,8506309,19588
8506311-8506312,8506311,8506312,28183
8506311-8506322,8506311,8506322,501
8506314-8506322,8506314,8506322,8337
8506319-8506322,8506319,8506322,19597
8506311-8506352,8506311,8506352,7827
8506311-8516270,8506311,8516270,19588
8506312-8506313,8506312,8506313,28183
8506313-8506350,8506313,8506350,12514
8506314-8506316,8506314,8506316,20096
8506314-8506317,8506314,8506317,9252
8506316-8506317,8506316,8506317,20096
8506317-8506318,8506317,8506318,20096
8506317-8506319,8506317,8506319,9192
8506318-8506319,8506318,8506319,20096
8506319-8509400,8506319,8509400,250
8506392-8509400,8506392,8509400,9788
8506350-8506351,8506350,8506351,12514
8506352-8506353,8506352,8506353,7827
8506353-8506354,8506353,8506354,7827
8506354-8506355,8506354,8506355,7827
8506355-8506400,8506355,8506400,7827
8506358-8506359,8506358,8506359,27334
8506359-8506361,8506359,8506361,27334
8506361-8506362,8506361,8506362,27624
8506362-8506364,8506362,8506364,27624
8506364-8506365,8506364,8506365,27624
8506365-8506366,8506365,8506366,27624
8506366-8506367,8506366,8506367,28625
8506366-8506371,8506366,8506371,1506
8506369-8506371,8506369,8506371,24117
8506367-8506368,8506367,8506368,28508
8506368-8506369,8506368,8506369,28627
8506369-8506373,8506369,8506373,999
8506372-8506373,8506372,8506373,25622
8506369-8518100,8506369,8518100,1003
8506381-8518100,8506381,8518100,909
8506470-8518100,8506470,8518100,25622
8506371-8506372,8506371,8506372,25622
8506373-8506374,8506373,8506374,25622
8506373-8506375,8506373,8506375,999
8506374-8506375,8506374,8506375,25622
8506375-8506376,8506375,8506376,17782
8506375-8506470,8506375,8506470,6016
8506382-8506470,8506382,8506470,17561
8506377-8506378,8506377,8506378,18684
8506378-8506379,8506378,8506379,6539
8506378-8506380,8506378,8506380,17806
8506378-8506382,8506378,8506382,874
8506381-8506382,8506381,8506382,16899
8506379-8506383,8506379,8506383,6539
8506380-8506381,8506380,8506381,17808
8506383-8506384,8506383,8506384,6539
8506384-8506385,8506384,8506385,6539
8506385-8506386,8506385,8506386,6539
8506386-8506387,8506386,8506387,6539
8506387-8506388,8506387,8506388,6539
8506388-8506389,8506388,8506389,6539
8506393-8506394,8506393,8506394,18416
8506394-8506395,8506394,8506395,18416
8506395-8506396,8506395,8506396,18416
8506396-8506397,8506396,8506397,18416
8506397-8506398,8506397,8506398,18416
8507000-8507006,8507000,8507006,7476
8507003-8507006,8507003,8507006,28
8507005-8507006,8507005,8507006,19581
8507000-8507063,8507000,8507063,35589
8507000-8507068,8507000,8507068,15386
8507063-8507068,8507063,8507068,966
8507067-8507068,8507067,8507068,33318
8507000-8507070,8507000,8507070,19168
8507000-8507076,8507000,8507076,32963
8507075-8507076,8507075,8507076,19352
8507000-8507079,8507000,8507079,25
8507078-8507079,8507078,8507079,34544
8507000-8507082,8507000,8507082,17949
8507079-8507082,8507079,8507082,34554
8507000-8508001,8507000,8508001,483
8507002-8508001,8507002,8508001,468
8507100-8508001,8507100,8508001,9310
8507000-8508051,8507000,8508051,29350
8507000-8508054,8507000,8508054,35227
8507096-8508054,8507096,8508054,49536
8508052-8508054,8508052,8508054,250
8508053-8508054,8508053,8508054,29572
8507000-8508059,8507000,8508059,23646
8508054-8508059,8508054,8508059,209
8508058-8508059,8508058,8508059,34740
8507000-8508202,8507000,8508202,9108
8507100-8508202,8507100,8508202,11100
8508081-8508202,8508081,8508202,2892
8508086-8508202,8508086,8508202,236
8508089-8508202,8508089,8508202,7011
8508200-8508202,8508200,8508202,9121
8508201-8508202,8508201,8508202,9977
8507000-8516154,8507000,8516154,34699
8507000-8516161,8507000,8516161,1249
8507093-8516161,8507093,8516161,33068
8507100-8516161,8507100,8516161,19565
8508003-8516161,8508003,8516161,63
8508005-8516161,8508005,8516161,9659
8508207-8516161,8508207,8516161,19223
8508265-8516161,8508265,8516161,236
8508266-8516161,8508266,8516161,169
8508269-8516161,8508269,8516161,9088
8507002-8507003,8507002,8507003,38634
8507002-8508200,8507002,8508200,192
8507003-8508200,8507003,8508200,19009
8507003-8507005,8507003,8507005,19581
8507006-8507007,8507006,8507007,19065
8507007-8507008,8507007,8507008,19065
8507008-8507009,8507008,8507009,19065
8507063-8507064,8507063,8507064,33318
8507064-8507065,8507064,8507065,33318
8507065-8507066,8507065,8507066,33318
8507066-8507067,8507066,8507067,33318
8507068-8507069,8507068,8507069,49528
8507069-8507096,8507069,8507096,49536
8507070-8507071,8507070,8507071,19352
8507071-8507072,8507071,8507072,19352
8507072-8507073,8507072,8507073,19352
8507073-8507074,8507073,8507074,19352
8507074-8507075,8507074,8507075,19352
8507076-8507077,8507076,8507077,34544
8507076-8507094,8507076,8507094,18127
8507093-8507094,8507093,8507094,1225
8507077-8507078,8507077,8507078,34544
8507082-8507083,8507082,8507083,17949
8507082-8507092,8507082,8507092,34529
8507083-8507084,8507083,8507084,17944
8507084-8507085,8507084,8507085,17949
8507085-8507086,8507085,8507086,17949
8507086-8507087,8507086,8507087,17949
8507087-8507088,8507087,8507088,17958
8507088-8507089,8507088,8507089,17949
8507089-8507091,8507089,8507091,17958
8507091-8507095,8507091,8507095,17949
8507092-8507093,8507092,8507093,34529
8507100-8507478,8507100,8507478,494
8507475-8507478,8507475,8507478,8283
8507476-8507478,8507476,8507478,220
8507100-8507483,8507100,8507483,34085
8507298-8507483,8507298,8507483,3901
8507299-8507483,8507299,8507483,9494
8507478-8507483,8507478,8507483,494
8507481-8507483,8507481,8507483,12227
8507100-8508003,8507100,8508003,9540
8508001-8508003,8508001,8508003,10254
8507271-8507272,8507271,8507272,13281
8507272-8507273,8507272,8507273,11685
8507272-8507290,8507272,8507290,1414
8507273-8507290,8507273,8507290,12137
8507279-8507290,8507279,8507290,11941
8507288-8507290,8507288,8507290,9284
8507274-8507275,8507274,8507275,11941
8507275-8507276,8507275,8507276,11941
8507276-8507277,8507276,8507277,11941
8507277-8507278,8507277,8507278,11941
8507278-8507279,8507278,8507279,11941
8507281-8507284,8507281,8507284,2214
8507284-8507286,8507284,8507286,9299
8507286-8507287,8507286,8507287,9299
8507287-8507288,8507287,8507288,9494
8507290-8507291,8507290,8507291,2214
8507290-8507292,8507290,8507292,11183
8507291-8507292,8507291,8507292,2214
8507292-8507293,8507292,8507293,9549
8507292-8507296,8507292,8507296,3650
8507293-8507296,8507293,8507296,250
8507295-8507296,8507295,8507296,9074
8507293-8507294,8507293,8507294,9299
8507294-8507295,8507294,8507295,9269
8507296-8507297,8507296,8507297,13397
8507297-8507298,8507297,8507298,13397
8507298-8507299,8507298,8507299,9494
8507361-8507364,8507361,8507364,2161
8507364-8507374,8507364,8507374,2161
8507372-8507384,8507372,8507384,260
8507378-8507379,8507378,8507379,11343
8507379-8507560,8507379,8507560,11439
8507380-8507381,8507380,8507381,8787
8507381-8507382,8507381,8507382,7641
8507382-8507383,8507382,8507383,7569
8507383-8507388,8507383,8507388,7947
8507384-8507388,8507384,8507388,7859
8507384-8507555,8507384,8507555,260
8507388-8507389,8507388,8507389,16852
8507472-8507473,8507472,8507473,4331
8507472-8507474,8507472,8507474,4274
8507473-8507474,8507473,8507474,4331
8507474-8507475,8507474,8507475,8503
8507475-8507476,8507475,8507476,220
8507478-8507480,8507478,8507480,12018
8507480-8507481,8507480,8507481,12229
8507492-8507493,8507492,8507493,18475
8507492-8508301,8507492,8508301,9026
8507492-8508302,8507492,8508302,237
8508301-8508302,8508301,8508302,9026
8507492-8508303,8507492,8508303,709
8508302-8508303,8508302,8508303,9263
8507492-8508305,8507492,8508305,5209
8508303-8508305,8508303,8508305,710
8508304-8508305,8508304,8508305,9262
8508003-8508004,8508003,8508004,19471
8508005-8508006,8508005,8508006,9923
8508005-8508008,8508005,8508008,8719
8508006-8508008,8508006,8508008,9920
8508005-8508080,8508005,8508080,30291
8508005-8508083,8508005,8508083,10456
8508081-8508083,8508081,8508083,7412
8508051-8508052,8508051,8508052,29350
8508052-8508053,8508052,8508053,29100
8508054-8508055,8508054,8508055,29572
8508054-8508056,8508054,8508056,34768
8508054-8589198,8508054,8589198,34567
8508056-8508057,8508056,8508057,34753
8508057-8508058,8508057,8508058,34740
8508059-8508060,8508059,8508060,11674
8508059-8508061,8508059,8508061,209
8508060-8508061,8508060,8508061,16148
8508059-8508064,8508059,8508064,3228
8508062-8508064,8508062,8508064,6499
8508063-8508064,8508063,8508064,9634
8508059-8508070,8508059,8508070,34032
8508062-8508070,8508062,8508070,209
8508068-8508070,8508068,8508070,642
8508061-8508062,8508061,8508062,9860
8508061-8508063,8508061,8508063,6497
8508062-8508063,8508062,8508063,3152
8508066-8508068,8508066,8508068,23880
8508070-8508071,8508070,8508071,34768
8508080-8508081,8508080,8508081,30037
8508081-8508265,8508081,8508265,10420
8508207-8508265,8508207,8508265,9299
8508262-8508265,8508262,8508265,8614
8508264-8508265,8508264,8508265,10568
8508083-8508084,8508083,8508084,14598
8508085-8508086,8508085,8508086,18698
8508086-8508087,8508086,8508087,18447
8508087-8508088,8508087,8508088,18498
8508088-8508089,8508088,8508089,18099
8508100-8508101,8508100,8508101,16641
8508100-8508151,8508100,8508151,36658
8508100-8508174,8508100,8508174,16404
8508101-8508102,8508101,8508102,16634
8508102-8508103,8508102,8508103,15747
8508151-8508152,8508151,8508152,18553
8508151-8508161,8508151,8508161,18105
8508152-8508153,8508152,8508153,18553
8508153-8508154,8508153,8508154,18553
8508154-8508155,8508154,8508155,18553
8508155-8508157,8508155,8508157,17684
8508155-8508193,8508155,8508193,818
8508159-8508193,8508159,8508193,17632
8508157-8508158,8508157,8508158,17632
8508158-8508159,8508158,8508159,17632
8508161-8508162,8508161,8508162,18105
8508162-8508163,8508162,8508163,18105
8508163-8508164,8508163,8508164,9556
8508163-8508168,8508163,8508168,8549
8508164-8508168,8508164,8508168,9556
8508168-8508173,8508168,8508173,18105
8508173-8594258,8508173,8594258,18105
8508174-8508181,8508174,8508181,16051
8508181-8508182,8508181,8508182,16404
8508182-8508183,8508182,8508183,16404
8508183-8508184,8508183,8508184,16051
8508184-8508185,8508184,8508185,16404
8508185-8508186,8508185,8508186,16404
8508186-8508187,8508186,8508187,16374
8508200-8508201,8508200,8508201,9977
8508202-8508203,8508202,8508203,19313
8508202-8508250,8508202,8508250,11572
8508202-8508251,8508202,8508251,8875
8508250-8508251,8508250,8508251,11572
8508202-8508260,8508202,8508260,9835
8508255-8508260,8508255,8508260,8875
8508256-8508260,8508256,8508260,472
8508203-8508204,8508203,8508204,19126
8508203-8508205,8508203,8508205,88
8508204-8508205,8508204,8508205,19131
8508205-8508206,8508205,8508206,19027
8508207-8508208,8508207,8508208,18985
8508208-8508210,8508208,8508210,19257
8508210-8508211,8508210,8508211,18999
8508211-8508212,8508211,8508212,10459
8508211-8508213,8508211,8508213,8790
8508212-8508213,8508212,8508213,10190
8508215-8508216,8508215,8508216,10060
8508215-8508218,8508215,8508218,12491
8508217-8508218,8508217,8508218,10060
8508215-8508292,8508215,8508292,9735
8508215-8508293,8508215,8508293,4609
8508292-8508293,8508292,8508293,9686
8508215-8508295,8508215,8508295,3244
8508219-8508295,8508219,8508295,3437
8508294-8508295,8508294,8508295,14334
8508216-8508217,8508216,8508217,10060
8508218-8508219,8508218,8508219,13480
8508251-8508252,8508251,8508252,20282
8508252-8508253,8508252,8508253,20087
8508253-8508254,8508253,8508254,11572
8508253-8508255,8508253,8508255,8875
8508254-8508255,8508254,8508255,11558
8508255-8508256,8508255,8508256,11572
8508260-8508261,8508260,8508261,19182
8508261-8508262,8508261,8508262,19036
8508262-8508263,8508262,8508263,10568
8508263-8508264,8508263,8508264,10568
8508265-8508266,8508265,8508266,19713
8508265-8508272,8508265,8508272,63
8508271-8508272,8508271,8508272,18309
8508266-8508267,8508266,8508267,19357
8508267-8508268,8508267,8508268,9299
8508267-8508271,8508267,8508271,18309
8508268-8508269,8508268,8508269,9299
8508293-8508294,8508293,8508294,14334
8508295-8508297,8508295,8508297,21019
8508297-8516354,8508297,8516354,17338
8508303-8508304,8508303,8508304,9262
8508305-8508306,8508305,8508306,9262
8508308-8508309,8508308,8508309,7468
8508308-8508329,8508308,8508329,8790
8508314-8508329,8508314,8508329,425
8508308-8508359,8508308,8508359,12390
8508309-8508310,8508309,8508310,7556
8508310-8508311,8508310,8508311,7556
8508313-8508314,8508313,8508314,29164
8508314-8508316,8508314,8508316,21608
8508316-8508317,8508316,8508317,19604
8508318-8508323,8508318,8508323,2004
8508321-8508323,8508321,8508323,19604
8508318-8508390,8508318,8508390,3075
8508321-8508390,8508321,8508390,20089
8508384-8508390,8508384,8508390,488
8508319-8508320,8508319,8508320,39693
8508319-8508321,8508319,8508321,2839
8508320-8508321,8508320,8508321,39678
8508321-8516351,8508321,8516351,2839
8508327-8516351,8508327,8516351,19604
8508391-8516351,8508391,8516351,9035
8508392-8516351,8508392,8516351,502
8508394-8516351,8508394,8516351,10522
8508399-8516351,8508399,8516351,252
8508323-8508327,8508323,8508327,19604
8508359-8508395,8508359,8508395,12390
8508384-8508391,8508384,8508391,8804
8508390-8508391,8508390,8508391,23637
8508391-8508392,8508391,8508392,20316
8508392-8508394,8508392,8508394,19814
8508394-8508396,8508394,8508396,9056
8508395-8530760,8508395,8530760,12390
8508396-8508399,8508396,8508399,9056
8509000-8509002,8509000,8509002,61970
8509000-8509050,8509000,8509050,10506
8509006-8509050,8509006,8509050,11577
8509000-8509150,8509000,8509150,8462
8509000-8509168,8509000,8509168,237
8509055-8509168,8509055,8509168,250
8509167-8509168,8509167,8509168,9026
8509000-8509171,8509000,8509171,764
8509050-8509171,8509050,8509171,32
8509168-8509171,8509168,8509171,473
8509170-8509171,8509170,8509171,9543
8509000-8509180,8509000,8509180,743
8509050-8509180,8509050,8509180,7739
8509056-8509180,8509056,8509180,1236
8509060-8509180,8509060,8509180,6538
8509171-8509180,8509171,8509180,534
8509179-8509180,8509179,8509180,1000
8509000-8509181,8509000,8509181,4315
8509050-8509181,8509050,8509181,237
8509171-8509181,8509171,8509181,1692
8509179-8509181,8509179,8509181,4512
8509180-8509181,8509180,8509181,17714
8509000-8509183,8509000,8509183,3421
8509179-8509183,8509179,8509183,3259
8509181-8509183,8509181,8509183,8154
8509182-8509183,8509182,8509183,18492
8509000-8509184,8509000,8509184,250
8509183-8509184,8509183,8509184,16717
8509000-8509189,8509000,8509189,460
8509183-8509189,8509183,8509189,6736
8509186-8509189,8509186,8509189,250
8509188-8509189,8509188,8509189,10317
8509000-8509192,8509000,8509192,237
8509179-8509192,8509179,8509192,657
8509189-8509192,8509189,8509192,8575
8509000-8509251,8509000,8509251,25
8509068-8509251,8509068,8509251,29
8509195-8509251,8509195,8509251,679
8509198-8509251,8509198,8509251,2770
8509199-8509251,8509199,8509251,2518
8509250-8509251,8509250,8509251,16889
8509002-8509003,8509002,8509003,19343
8509002-8509004,8509002,8509004,15311
8509003-8509004,8509003,8509004,19343
8509002-8509006,8509002,8509006,14886
8509002-8509057,8509002,8509057,10013
8509056-8509057,8509056,8509057,6542
8509002-8509059,8509002,8509059,6041
8509057-8509059,8509057,8509059,240
8509058-8509059,8509058,8509059,9806
8509002-8509060,8509002,8509060,4514
8509057-8509060,8509057,8509060,5907
8509058-8509060,8509058,8509060,240
8509059-8509060,8509059,8509060,16085
8509002-8509064,8509002,8509064,250
8509060-8509064,8509060,8509064,10125
8509062-8509064,8509062,8509064,6786
8509063-8509064,8509063,8509064,3453
8509002-8509068,8509002,8509068,60
8509064-8509068,8509064,8509068,4278
8509065-8509068,8509065,8509068,6292
8509067-8509068,8509067,8509068,10044
8509006-8509051,8509006,8509051,3078
8509050-8509051,8509050,8509051,4864
8509006-8509053,8509006,8509053,250
8509050-8509053,8509050,8509053,6790
8509051-8509053,8509051,8509053,7863
8509050-8509167,8509050,8509167,2396
8509056-8509167,8509056,8509167,6877
8509053-8509054,8509053,8509054,14905
8509054-8509055,8509054,8509055,14905
8509055-8509056,8509055,8509056,14655
8509057-8509058,8509057,8509058,10196
8509060-8509061,8509060,8509061,3452
8509060-8509062,8509060,8509062,6602
8509061-8509062,8509061,8509062,3453
8509062-8509063,8509062,8509063,3453
8509064-8509065,8509064,8509065,10255
8509064-8509067,8509064,8509067,6041
8509065-8509067,8509065,8509067,4003
8509068-8509069,8509068,8509069,8234
8509068-8509070,8509068,8509070,2903
8509069-8509070,8509069,8509070,8246
8509068-8509072,8509068,8509072,3075
8509070-8509072,8509070,8509072,504
8509071-8509072,8509071,8509072,10646
8509068-8509250,8509068,8509250,4011
8509197-8509250,8509197,8509250,121
8509198-8509250,8509198,8509250,1286
8509199-8509250,8509199,8509250,1234
8509068-8509255,8509068,8509255,31
8509197-8509255,8509197,8509255,712
8509251-8509255,8509251,8509255,29
8509253-8509255,8509253,8509255,7524
8509254-8509255,8509254,8509255,9270
8509068-8509264,8509068,8509264,7995
8509263-8509264,8509263,8509264,6772
8509068-8509269,8509068,8509269,230
8509263-8509269,8509263,8509269,2361
8509268-8509269,8509268,8509269,14868
8509070-8509071,8509070,8509071,10646
8509072-8509073,8509072,8509073,14330
8509073-8509075,8509073,8509075,7786
8509075-8509076,8509075,8509076,7786
8509076-8509077,8509076,8509077,7546
8509077-8509078,8509077,8509078,7546
8509078-8509195,8509078,8509195,7546
8509192-8509195,8509192,8509195,7556
8509193-8509195,8509193,8509195,251
8509194-8509195,8509194,8509195,1541
8509150-8509152,8509150,8509152,8491
8509152-8509153,8509152,8509153,8541
8509153-8509154,8509153,8509154,8541
8509154-8509155,8509154,8509155,8535
8509155-8509156,8509155,8509156,8535
8509156-8509157,8509156,8509157,8371
8509167-8509169,8509167,8509169,756
8509168-8509169,8509168,8509169,8803
8509169-8509170,8509169,8509170,9543
8509171-8509173,8509171,8509173,8992
8509173-8509174,8509173,8509174,8745
8509173-8509175,8509173,8509175,247
8509174-8509175,8509174,8509175,8745
8509175-8509176,8509175,8509176,9022
8509176-8509177,8509176,8509177,8992
8509177-8509178,8509177,8509178,9022
8509179-8509182,8509179,8509182,251
8509181-8509182,8509181,8509182,18952
8509184-8509185,8509184,8509185,17430
8509184-8509186,8509184,8509186,236
8509185-8509186,8509185,8509186,10366
8509186-8509187,8509186,8509187,10364
8509187-8509188,8509187,8509188,10336
8509192-8509193,8509192,8509193,1807
8509192-8509197,8509192,8509197,115
8509195-8509197,8509195,8509197,8649
8509193-8509194,8509193,8509194,1556
8509197-8509198,8509197,8509198,8250
8509198-8509199,8509198,8509199,3762
8509251-8509252,8509251,8509252,13802
8509251-8509253,8509251,8509253,664
8509252-8509253,8509252,8509253,13844
8509251-8509254,8509251,8509254,9134
8509251-8509256,8509251,8509256,795
8509252-8509256,8509252,8509256,60
8509253-8509256,8509253,8509256,2050
8509255-8509256,8509255,8509256,8705
8509253-8509258,8509253,8509258,2768
8509257-8509258,8509257,8509258,11466
8509255-8509350,8509255,8509350,6780
8509255-8509352,8509255,8509352,236
8509351-8509352,8509351,8509352,6545
8509255-8509356,8509255,8509356,359
8509354-8509356,8509354,8509356,6779
8509255-8509357,8509255,8509357,1142
8509356-8509357,8509356,8509357,7153
8509256-8509257,8509256,8509257,11466
8509258-8509259,8509258,8509259,14219
8509259-8509260,8509259,8509260,10128
8509259-8509262,8509259,8509262,3006
8509260-8509262,8509260,8509262,9922
8509260-8509263,8509260,8509263,31
8509262-8509263,8509262,8509263,13039
8509264-8509265,8509264,8509265,15130
8509265-8509266,8509265,8509266,15115
8509266-8509267,8509266,8509267,9058
8509266-8509268,8509266,8509268,5863
8509267-8509268,8509267,8509268,9101
8509350-8509351,8509350,8509351,6796
8509352-8509353,8509352,8509353,6779
8509353-8509354,8509353,8509354,6779
8509357-8509358,8509357,8509358,6765
8509357-8509361,8509357,8509361,1506
8509358-8509361,8509358,8509361,2518
8509359-8509361,8509359,8509361,4276
8509358-8509359,8509358,8509359,4172
8509361-8509363,8509361,8509363,5239
8509361-8509364,8509361,8509364,2632
8509363-8509364,8509363,8509364,5150
8509361-8509368,8509361,8509368,132
8509364-8509368,8509364,8509368,1322
8509366-8509368,8509366,8509368,2498
8509367-8509368,8509367,8509368,3991
8509361-8509373,8509361,8509373,1256
8509369-8509373,8509369,8509373,5495
8509364-8509365,8509364,8509365,6414
8509364-8509369,8509364,8509369,61
8509368-8509369,8509368,8509369,7823
8509365-8509366,8509365,8509366,6474
8509366-8509367,8509366,8509367,3976
8509369-8519370,8509369,8519370,776
8509373-8519370,8509373,8519370,6765
8509400-8509401,8509400,8509401,10039
8509401-8509402,8509401,8509402,10039
8509404-8509406,8509404,8509406,9454
8509411-8509412,8509411,8509412,9269
8509411-8509413,8509411,8509413,1236
8509412-8509413,8509412,8509413,9809
8509411-8509414,8509411,8509414,7755
8509413-8509414,8509413,8509414,10745
8509414-8509416,8509414,8509416,9809
8509416-8509417,8509416,8509417,9224
8509417-8509418,8509417,8509418,9524
8515994-8517112,8515994,8517112,16793
8515995-8515996,8515995,8515996,35085
8515996-8515997,8515996,8515997,19799
8515996-8516187,8515996,8516187,15286
8515997-8516187,8515997,8516187,19800
8516155-8516272,8516155,8516272,38628
8516155-8516273,8516155,8516273,15675
8516272-8516273,8516272,8516273,38628
8516187-8516350,8516187,8516350,19799
8516270-8516271,8516270,8516271,19588
8516273-8516274,8516273,8516274,38628
8516274-8517142,8516274,8517142,2911
8516283-8517142,8516283,8517142,35719
8516450-8519685,8516450,8519685,33093
8517112-8517527,8517112,8517527,16793
8517485-8593773,8517485,8593773,6813
8518100-8519306,8518100,8519306,25332
8518771-8518963,8518771,8518963,19169
8530011-8530012,8530011,8530012,8775
8530012-8530225,8530012,8530225,8775
8530064-8530066,8530064,8530066,7407
8530066-8530067,8530066,8530067,7407
8530067-8530246,8530067,8530246,7407
8530246-8530523,8530246,8530523,7407
8530303-8530334,8530303,8530334,10246
8530335-8530355,8530335,8530355,15993
8530355-8530366,8530355,8530366,15821
8530378-8530430,8530378,8530430,9262
8530463-8593467,8530463,8593467,9253
8530708-8530709,8530708,8530709,21346
8530709-8530710,8530709,8530710,21346
8530711-8530712,8530711,8530712,21440
8530712-8530713,8530712,8530713,21440
8530713-8595245,8530713,8595245,21440
8530760-8530799,8530760,8530799,12390
8530789-8530790,8530789,8530790,31021
8530799-8530800,8530799,8530800,12390
8530800-8530801,8530800,8530801,4650
8530811-8530812,8530811,8530812,40832
8530812-8530813,8530812,8530813,40818
8530813-8591315,8530813,8591315,40813
8588193-8593772,8588193,8593772,7821
8591315-8591429,8591315,8591429,217
8593773-8593774,8593773,8593774,8002
8593774-8593775,8593774,8593775,8002
8593775-8593776,8593775,8593776,8002