id,label,x,y
8500010,Basel SBB,172.84036254882812,195.90902709960938
8500016,Basel St. Johann,179.95693969726562,207.3845977783203
8500020,Muttenz,178.9990997314453,189.44140625
8500021,Pratteln,188.59194946289062,184.3442840576172
8500023,Liestal,161.119384765625,173.32684326171875
8500022,Frenkendorf-Füllinsdorf,180.2451934814453,182.89955139160156
8500090,Basel Bad Bf,182.86837768554688,75.82612609863281
8500105,Moutier,207.44012451171875,278.6875305175781
8500104,Court,201.70455932617188,350.18402099609375
8500109,Delémont,160.9556884765625,269.743408203125
8500028,Tecknau,141.32167053222656,217.3321990966797
8500113,Laufen,157.24429321289062,255.5518798828125
8500117,Aesch BL,183.42037963867188,273.01654052734375
8500115,Grellingen,184.8658905029297,289.5283203125
8500116,Duggingen,190.7510223388672,290.8630676269531
8500119,Münchenstein,157.2330322265625,289.6685485839844
8500118,Dornach-Arlesheim,173.83799743652344,291.0260009765625
8500218,Olten,119.01236724853516,157.58999633789062
8500026,Sissach,136.43629455566406,183.3274383544922
8500027,Gelterkinden,130.8291778564453,192.27798461914062
8500037,Trimbach,169.68222045898438,215.0902862548828
8500136,Basel Dreispitz,131.21786499023438,291.96173095703125
8500207,Solothurn,223.9083251953125,148.3909149169922
8500212,Oensingen,110.52017974853516,222.3173370361328
8500217,Olten Hammer,109.99079895019531,201.40335083007812
8500301,Rheinfelden,183.3805389404297,158.0762939453125
8500300,Kaiseraugst,193.2434539794922,175.04241943359375
8503000,Zürich HB,154.33349609375,-31.579111099243164
8500309,Brugg AG,122.0523681640625,88.09134674072266
8500320,Stein-Säckingen,156.81640625,61.78837585449219
8500329,Koblenz,375.05706787109375,-163.15782165527344
8501120,Lausanne,60.57891082763672,229.05723571777344
8501609,Brig,147.90003967285156,150.8439178466797
8502113,Aarau,71.50817108154297,103.51847076416016
8502115,Wildegg,157.5435791015625,-14.009669303894043
8502119,Lenzburg,56.5842399597168,-12.49981689453125
8502204,Zug,69.75460052490234,-117.96572875976562
8502206,Baar,80.55260467529297,-67.93647766113281
8502208,Horgen Oberdorf,123.50630187988281,-51.151798248291016
8502209,Oberrieden Dorf,137.888916015625,-45.25245666503906
8502215,Muri AG,95.91227722167969,-193.63502502441406
8502229,Urdorf Weihermatt,173.9886474609375,-194.42169189453125
8500024,Lausen,160.2310028076172,185.1402130126953
8500025,Itingen,153.70648193359375,185.9526824951172
8500031,Diepflingen,175.71688842773438,223.5515899658203
8501037,Morges,42.5477180480957,242.62515258789062
8502001,Zofingen,58.02852249145508,144.28378295898438
8502010,St. Erhard-Knutwil,16.0660400390625,92.00492095947266
8502103,Suhr,50.807640075683594,74.06177520751953
8502105,Othmarsingen,84.90852355957031,74.49336242675781
8502106,Mägenwil,71.39582061767578,50.54975509643555
8502112,Schönenwerd SO,78.44567108154297,96.84313201904297
8500032,Sommerau,206.03538513183594,247.89064025878906
8500033,Rümlingen,222.1143798828125,259.5723876953125
8500034,Buckten,216.86160278320312,256.2282409667969
8500035,Läufelfingen,201.17845153808594,241.6900177001953
8500240,Olten RB,179.05137634277344,225.59555053710938
8503424,Schaffhausen,287.1459655761719,-113.61861419677734
8503400,Bülach,372.8983154296875,-200.47100830078125
8503423,Neuhausen,340.101806640625,-165.82125854492188
8500100,Tavannes,45.558250427246094,692.9708251953125
8500101,Reconvilier,107.00567626953125,574.5142822265625
8500162,Tramelan-Dessous,-12.368159294128418,793.258056640625
8500102,Malleray-Bévilard,179.27099609375,439.19921875
8500103,Sorvilier,190.8547821044922,403.307861328125
8500135,Pontenet,242.47105407714844,313.7308349609375
8500206,Solothurn West,240.0465850830078,232.8101348876953
8500205,Bellach,271.69464111328125,253.114501953125
8500120,Courtételle,147.2820587158203,348.70416259765625
8500159,Grenchen Nord,129.19097900390625,287.3220520019531
8500126,Porrentruy,113.08521270751953,401.63720703125
8500144,Buix,126.83041381835938,380.730224609375
8500114,Zwingen,174.38168334960938,280.8372497558594
8500121,Courfaivre,120.57782745361328,463.4309997558594
8500122,Bassecourt,95.04682159423828,555.17529296875
8500123,Glovelier,76.88508605957031,628.296875
8500124,St-Ursanne,82.30785369873047,572.0239868164062
8500169,Muriaux,58.552852630615234,732.277099609375
8500125,Courgenay,94.92704772949219,496.5486755371094
8500127,Courtemaîche,113.89031219482422,430.0371398925781
8500186,Alle,100.10985565185547,463.6130676269531
8500128,Boncourt,117.72600555419922,436.7103271484375
8500141,Courchavon,123.64875793457031,419.1311950683594
8504300,Biel/Bienne,277.1993713378906,163.66262817382812
8503016,Zürich Flughafen,254.53311157226562,-77.06023406982422
8504221,Neuchâtel,348.0114440917969,404.3565979003906
8504229,Tüscherz,362.4123229980469,224.6428680419922
8504304,Sonceboz-Sombeval,282.3830261230469,348.1155090332031
8504303,La Heutte,296.1318054199219,292.23681640625
8500143,Grandgourt,126.09788513183594,410.00537109375
8501008,Genève,7.940816402435303,272.8386535644531
8501007,Vernier,-119.96601104736328,330.58563232421875
8501026,Genève-Aéroport,3.154881000518799,251.43960571289062
8501103,Vallorbe,-252.01145935058594,30.04878044128418
8501118,Renens VD,-52.027809143066406,210.8128662109375
8500164,Tramelan-Chalet,-27.403675079345703,829.1386108398438
8500170,Tramelan,-34.35939025878906,842.0919189453125
8500167,Les Breuleux-Eglise,-26.65898895263672,857.8593139648438
8500165,Le Pied-d'Or,-35.68479919433594,849.18017578125
8500173,Les Breuleux,-7.089951515197754,854.8468627929688
8500172,La Chaux-des-Breuleux,-28.43125343322754,866.799072265625
8500174,Le Noirmont,52.90576934814453,823.25341796875
8500171,Les Reussilles,-41.57852554321289,861.1962890625
8500175,Le Creux-des-Biches,53.24329376220703,848.066162109375
8500190,Les Emibois,112.25475311279297,829.5191040039062
8500177,Les Bois,87.68634796142578,856.38427734375
8500184,La Chaux-de-Fonds-Est,155.3881072998047,821.9556884765625
8500176,Le Boéchet,65.25199127197266,860.2109985351562
8500178,La Ferrière,98.19268035888672,860.580322265625
8500179,La Cibourg,124.87853240966797,853.8858032226562
8500180,La Large-Journée,125.25736999511719,856.8883056640625
8500181,La Chaux-d'Abel,133.43978881835938,844.6929321289062
8504314,La Chaux-de-Fonds,253.44737243652344,733.8955688476562
8500191,Saignelégier,177.83645629882812,800.902099609375
8500199,Combe-Tabeillon,228.0673065185547,777.6426391601562
8504237,Les Hauts-Geneveys,276.37066650390625,674.6171875
8504310,St-Imier,268.73309326171875,651.908935546875
8504312,Renan BE,255.92941284179688,718.2244262695312
8500187,Vendlincourt,91.51066589355469,502.1180114746094
8500188,Bonfol,87.99555206298828,516.9730224609375
8500192,Le Bémont JU,175.6224365234375,823.3052978515625
8500194,Pré-Petitjean,180.87722778320312,833.2172241210938
8500195,La Combe,192.61817932128906,828.0034790039062
8500196,Bollement,205.84732055664062,807.5586547851562
8500200,Pieterlen,319.7252197265625,256.7828674316406
8500201,Lengnau BE,308.7288818359375,246.53152465820312
8500202,Grenchen Süd,280.6169738769531,219.64019775390625
8500203,Bettlach,292.69427490234375,246.7283935546875
8500204,Selzach,289.27880859375,257.5723571777344
8500208,Luterbach-Attisholz,230.28587341308594,181.36904907226562
8500211,Niederbipp,185.54164123535156,200.70103454589844
8500210,Wangen an der Aare,210.9112091064453,208.19149780273438
8500260,Crémines-Zoo,176.9275665283203,163.05303955078125
8500261,Langendorf,123.48899841308594,170.4204864501953
8500272,Solothurn Sternen,132.4878387451172,236.55128479003906
8504410,Zollikofen,256.86468505859375,22.66019630432129
8503225,Ziegelbrücke,105.7826156616211,-125.87627410888672
8503508,Dietikon,300.3531799316406,-139.73382568359375
8507000,Bern,278.6499328613281,44.99115753173828
8503001,Zürich Altstetten,260.61865234375,-109.35209655761719
8503504,Baden,255.04965209960938,-89.53334045410156
8504100,Fribourg/Freiburg,162.67333984375,86.40450286865234
8504101,Düdingen,243.81158447265625,72.57278442382812
8504103,Flamatt,264.1376647949219,82.71939849853516
8504115,Thörishaus Dorf,326.213134765625,76.49298858642578
8504117,Oberwangen,308.6814880371094,71.70540618896484
8504194,Laupen BE,300.2610168457031,66.5028305053711
8504411,Münchenbuchsee,310.3400573730469,62.891090393066406
8504414,Lyss,381.5074768066406,141.4947509765625
8504441,Studen BE,338.120849609375,77.36509704589844
8504483,Ins,405.2603454589844,297.34539794921875
8504486,Gümmenen,340.72283935546875,220.78843688964844
8504489,Bern Bümpliz Nord,340.7209167480469,138.16249084472656
8504495,Bern Stöckacker,331.8809814453125,121.08901977539062
8505000,Luzern,28.9395694732666,-27.745817184448242
8506121,Romanshorn,95.99400329589844,-321.9296569824219
8506302,St. Gallen,-30.11562156677246,-227.2091827392578
8507100,Thun,256.3062744140625,49.489131927490234
8507006,Münsingen,327.135009765625,48.27095413208008
8507009,Uttigen,307.141357421875,54.135860443115234
8507094,Uetendorf Allmend,316.733642578125,29.287742614746094
8508005,Burgdorf,220.08087158203125,4.7655134201049805
8503221,Siebnen-Wangen,157.31187438964844,-120.07597351074219
8508003,Hindelbank,271.21832275390625,20.388147354125977
8508004,Lyssach,250.0845947265625,9.740513801574707
8508066,Lohn-Lüterkofen,335.7785339355469,206.9371337890625
8508064,Bätterkinden,399.6783752441406,222.71438598632812
8508085,Aefligen,291.99822998046875,63.98139190673828
8508084,Kirchberg-Alchenflüh,306.21673583984375,39.76631546020508
8500209,Deitingen,225.10768127441406,202.10581970214844
8500213,Oberbuchsiten,103.90895080566406,248.06814575195312
8500287,Wiedlisbach,-9.365523338317871,389.4325256347656
8500286,Attiswil,-40.743980407714844,432.0914306640625
8500292,Klus,88.20099639892578,271.6643981933594
8508100,Langenthal,47.506797790527344,88.39077758789062
8502000,Aarburg-Oftringen,85.1999740600586,113.16950225830078
8508008,Herzogenbuchsee,153.3804168701172,36.11384582519531
8500214,Egerkingen,101.00286865234375,260.0029296875
8500215,Hägendorf,100.9263916015625,254.8148956298828
8500216,Wangen bei Olten,104.10122680664062,235.31739807128906
8500305,Frick,165.43698120117188,115.55839538574219
8501030,Nyon,-62.9655647277832,216.68353271484375
8501031,Gland,-17.4832820892334,258.7486572265625
8501035,Allaman,-7.520198822021484,267.5381774902344
8501036,St-Prex,13.569281578063965,255.63134765625
8501605,Visp,10.392935752868652,214.92079162597656
8501506,Sion,123.82599639892578,360.1644287109375
8501509,Sierre/Siders,63.82842254638672,328.3919372558594
8501601,Leuk,38.6237907409668,316.1524353027344
8501604,Raron,6.54318380355835,260.6860656738281
8502110,Dulliken,103.21172332763672,103.73668670654297
8502007,Sursee,29.917552947998047,99.1101303100586
8502021,Emmenbrücke,-33.40471267700195,9.920221328735352
8502028,Emmenbrücke Gersag,-25.664993286132812,-14.404590606689453
8502042,Hochdorf Schönau,-7.712006092071533,-12.200173377990723
8502230,Zug Chollermüli,42.121253967285156,-68.39318084716797
8502306,Hünenberg Chämleten,27.0000057220459,-55.542694091796875
8503010,Zürich Enge,189.66162109375,-98.81578826904297
8503202,Thalwil,200.65911865234375,-123.1725082397461
8503284,Biberbrugg,54.93877410888672,-141.0843505859375
8504023,Romont FR,12.87958812713623,98.97266387939453
8500220,Dotzigen,448.1573486328125,159.5109405517578
8500221,Büren an der Aare,429.5707702636719,154.17735290527344
8504404,Aarberg,412.9958801269531,217.87039184570312
8504412,Schüpfen,369.65283203125,114.3267593383789
8504413,Suberg-Grossaffoltern,388.0195617675781,130.5177001953125
8500262,Lommiswil,-16.96856117248535,190.80474853515625
8500263,Im Holz,-136.54310607910156,210.17218017578125
8500264,Oberdorf SO,-237.1038360595703,221.97177124023438
8500265,Gänsbrunnen,-320.07476806640625,225.7259979248047
8500266,Corcelles BE,-377.885986328125,230.85311889648438
8500267,Crémines,-414.5714416503906,231.79237365722656
8500268,Grandval,-431.0480651855469,230.19293212890625
8500273,St. Katharinen,69.10153198242188,319.8123779296875
8500274,Feldbrunnen,13.92186450958252,382.77447509765625
8500275,Bei den Weihern,-27.060426712036133,426.0667419433594
8500280,Solothurn Baseltor,-51.94709014892578,453.0090026855469
8500283,Riedholz,-61.65867233276367,464.25360107421875
8500285,Flumenthal,-59.07951354980469,456.3411560058594
8500288,Oberbipp,-76.5831069946289,487.1781921386719
8500289,Buchli,-132.7382049560547,565.29150390625
8518690,Niederbipp Industrie,-176.95509338378906,626.457763671875
8508193,Aarwangen Vorstadt,-208.76336669921875,670.979248046875
8500293,Thalbrücke,68.73050689697266,305.09857177734375
8500294,Balsthal,59.761817932128906,320.1968994140625
8500302,Möhlin,170.95790100097656,109.04887390136719
8500304,Eiken,177.21096801757812,114.82305145263672
8500303,Mumpf,176.17942810058594,107.66918182373047
8500313,Rheinfelden Augarten,159.37167358398438,97.69145965576172
8500322,Laufenburg,163.5536346435547,58.29530715942383
8517131,Pratteln Salina Raurica,162.53253173828125,56.44254684448242
8503006,Zürich Oerlikon,280.5228271484375,-156.80361938476562
8503312,Oberglatt ZH,406.0217590332031,-268.648193359375
8503313,Niederglatt ZH,402.51141357421875,-244.05955505371094
8503408,Rekingen AG,438.9954833984375,-196.23719787597656
8503405,Zweidlen,457.82183837890625,-219.10890197753906
8503409,Bad Zurzach,445.08392333984375,-192.8665008544922
8503501,Döttingen,395.5533447265625,-178.7296600341797
8503306,Dietlikon,319.37310791015625,-172.90908813476562
8503411,Koblenz Dorf,494.3890380859375,-215.34359741210938
8501000,Zimeysa,-227.68710327148438,366.8782043457031
8501001,La Plaine,-218.71775817871094,362.2100830078125
8501002,Russin,-216.50924682617188,367.45367431640625
8501003,Satigny,-186.36593627929688,352.23388671875
8501006,Meyrin,-160.96177673339844,344.99639892578125
8501011,Les Tuileries,-43.89250183105469,325.11260986328125
8501022,Versoix,-45.69358444213867,283.55303955078125
8501021,Genthod-Bellevue,-85.61598205566406,329.0988464355469
8501023,Coppet,-13.132083892822266,291.6564025878906
8516155,Lancy-Pont-Rouge,82.02064514160156,336.7917785644531
8501200,Vevey,87.4093246459961,291.28875732421875
8501403,St-Maurice,284.1241149902344,470.2695007324219
8501012,Creux-de-Genthod,-81.20170593261719,357.90673828125
8501013,Pont-Céard,-107.038818359375,381.8703308105469
8501014,Mies,-119.909423828125,386.9621276855469
8501015,Tannay,-121.93003845214844,380.9829406738281
8501020,Chambésy,-109.63964080810547,358.6456298828125
8501033,Rolle,-33.96028137207031,248.34811401367188
8516283,Genève-Sécheron,-10.644220352172852,345.8109436035156
8516274,Chêne-Bourg,4.616489410400391,365.21209716796875
8501053,La Vuarpillière,-368.2386779785156,-97.18289184570312
8501042,Etoy,-33.0091667175293,232.71702575683594
8501048,Lonay-Préverenges,-75.26980590820312,229.04620361328125
8501117,Bussigny,-239.00401306152344,87.48068237304688
8501054,La Gottaz,212.63165283203125,260.2671203613281
8501124,Cully,60.3953742980957,287.62939453125
8501127,St-Saphorin,75.3037338256836,312.6265869140625
8504200,Yverdon-les-Bains,224.88351440429688,305.4543151855469
8501400,Aigle,386.795166015625,496.0161437988281
8501402,Bex,278.0384826660156,549.0707397460938
8504144,Yverdon-Champ Pittet,231.02420043945312,375.78656005859375
8504181,Givisiez,236.8922119140625,317.1697998046875
8501045,Denges-Echandens,-65.53268432617188,244.04244995117188
8501047,Morges-St-Jean,-80.28019714355469,244.52587890625
8501055,Les Pralies,-444.2510681152344,-169.5453338623047
8501056,Sus-Châtel,-432.9050598144531,-165.13401794433594
8501059,Les Plantaz,-509.1604919433594,-253.57032775878906
8501058,La Joy-Clinique,-497.1749267578125,-232.61605834960938
8501080,Le Marais,373.5017395019531,271.5159912109375
8501060,La Cure,-501.93927001953125,-245.1426239013672
8501057,La Chèvrerie-Monteret,-472.3981628417969,-204.84349060058594
8501062,St-Cergue,-565.3854370117188,-322.4795837402344
8501061,La Givrine,-540.5619506835938,-291.4608154296875
8501066,Genolier,-578.3025512695312,-340.5429992675781
8501065,Le Muids,-598.6114501953125,-368.7354736328125
8501063,Arzier,-592.2042236328125,-359.0045471191406
8519077,St-Cergue Les Cheseaux,-597.8381958007812,-373.61614990234375
8501069,L'Asse,-614.623291015625,-396.9159851074219
8501064,Bassins,-603.04150390625,-373.7123718261719
8501067,Givrins,-605.8434448242188,-383.5550842285156
8501068,Trélex,-619.0376586914062,-400.8210754394531
8501081,Chigny,519.7658081054688,271.8713073730469
8501082,Chardonney-Château,645.7108764648438,266.07025146484375
8501083,Reverolle,751.1051635742188,257.2969055175781
8501085,Ballens-Froideville,844.7902221679688,250.13299560546875
8501084,Le Manège,1211.9617919921875,221.8709716796875
8501087,Mauraz,1214.1407470703125,222.27525329589844
8501090,Prélionne,923.9896240234375,242.05589294433594
8501088,Tuilerie,1200.083984375,221.21824645996094
8501089,Villars-Bozon,1184.7255859375,219.9674072265625
8501094,Apples,1162.0869140625,218.5860137939453
8501093,Yens,1108.1617431640625,224.20608520507812
8501097,Pampigny-Sévery,1179.312744140625,215.57020568847656
8501091,Vufflens-le-Château,999.6331176757812,236.67178344726562
8501092,Bussy-Chardonney,1059.3922119140625,230.51565551757812
8501095,Ballens,1165.6729736328125,225.89276123046875
8501096,Bière,1168.229736328125,225.57875061035156
8501098,Montricher,1190.30615234375,210.2775115966797
8501099,L'Isle,1194.6328125,206.9155731201172
8501100,Le Pont,-285.566162109375,7.0416669845581055
8501104,Le Day,-302.4736633300781,-6.220088005065918
8501106,Croy-Romainmôtier,-303.9940490722656,5.494532585144043
8501105,Bretonnières,-313.2634582519531,-2.6958630084991455
8501108,La Sarraz,-312.9831848144531,8.437267303466797
8501107,Arnex,-318.86981201171875,-0.5981538891792297
8501151,Les Charbonnières,-323.6792297363281,-62.156028747558594
8501115,Cossonay-Penthalaz,-340.4545593261719,-0.5623636841773987
8501112,Chavornay,-428.0376281738281,-82.55750274658203
8501114,Eclépens,-387.9775695800781,-39.51763153076172
8501110,Ependes VD,-467.6654968261719,-116.46499633789062
8501111,Essert-Pittet,-455.7053527832031,-106.0274429321289
8501113,Bavois,-415.5767517089844,-71.68620300292969
8501191,Orbe,-466.8224182128906,-133.87289428710938
8501116,Vufflens-la-Ville,-298.7715148925781,35.142799377441406
8501121,Pully,53.496315002441406,262.87725830078125
8501122,Lutry,51.55293273925781,284.5402526855469
8501123,Villette VD,51.822574615478516,293.1050109863281
8501300,Montreux,99.03617858886719,424.2428894042969
8501198,Château-d'Oex La Palaz,-196.02040100097656,508.5249938964844
8501203,Clarens,85.53043365478516,407.11517333984375
8504000,Pully-Nord,3.897263288497925,234.91273498535156
8504012,Puidoux,18.103788375854492,255.28208923339844
8504011,Grandvaux,-9.316878318786621,252.72608947753906
8504014,Palézieux,-5.3437347412109375,194.2845458984375
8504007,Moreillon,-15.421819686889648,228.0772247314453
8504030,Villars-sur-Glâne,120.41109466552734,62.03953170776367
8504086,Bulle,-28.878822326660156,120.98722839355469
8518452,Prilly-Malley,247.3909149169922,385.79998779296875
8504201,Grandson,263.1533508300781,390.7663879394531
8501125,Epesses,59.34019088745117,307.66455078125
8501126,Rivaz,66.04293060302734,315.36077880859375
8501152,Le Séchey,-392.8348388671875,-191.06884765625
8501153,Le Lieu,-445.0864562988281,-312.168701171875
8501154,Les Esserts-de-Rive,-489.9528503417969,-412.6334228515625
8501155,Le Rocheray,-520.6127319335938,-495.9400329589844
8501156,Le Solliat-La Golisse,-546.0148315429688,-557.0172729492188
8501157,Le Sentier-L'Orient,-564.6402587890625,-598.8848876953125
8501159,Le Brassus,-578.608642578125,-624.6757202148438
8530783,Chez-le-Maître-Ecoles,-579.56103515625,-637.1908569335938
8501160,Lausanne-Chauderon,600.7511596679688,384.7798767089844
8501162,Union-Prilly,576.6958618164062,390.4382629394531
8501163,Prilly-Chasseur,519.9071044921875,401.078369140625
8501164,Cery-Fleur-de-Lys,431.6947937011719,411.7664489746094
8501165,Jouxtens-Mézery,316.5087890625,417.38922119140625
8501166,Romanel-sur-Lausanne,174.3409881591797,422.009765625
8501168,Vernand-Camarès,17.428260803222656,417.8755187988281
8501169,Cheseaux,-139.58731079101562,396.84893798828125
8501170,Bel-Air LEB,-297.39703369140625,369.23980712890625
8501171,Etagnières,-453.98114013671875,338.4585876464844
8501172,Assens,-589.5967407226562,296.7130432128906
8501173,Echallens,-723.5322265625,260.1833801269531
8501174,Sur Roche,-764.67919921875,248.640380859375
8501181,Lausanne-Flon,-764.441162109375,252.7724151611328
8501178,Grésaley,-781.2980346679688,250.29225158691406
8587727,Les Ripes,-755.1719970703125,251.09640502929688
8501175,Sugnens,-791.6997680664062,243.63955688476562
8501176,Fey,-801.6381225585938,240.21847534179688
8501177,Bercher,-794.808349609375,240.16677856445312
8501179,Pont-de-Drapel,466.4637756347656,528.31640625
8501199,La Roulaz,456.1977233886719,523.4628295898438
8501194,Les Granges (Orbe),-492.1866455078125,-162.16497802734375
8530262,St-Eloi,-500.4623718261719,-178.75559997558594
8501388,Les Combes,-482.9048767089844,586.287353515625
8501387,Les Cases,-528.7525634765625,609.8548583984375
8501229,Monthey-En Place,517.3880004882812,524.3935546875
8501303,Villeneuve VD,257.7491760253906,479.5989990234375
8501304,Roche VD,328.0271911621094,493.8719787597656
8501480,Rennaz (Leysin),496.1334533691406,530.7840576171875
8501201,La Tour-de-Peilz,82.91182708740234,375.8280944824219
8501260,Gilamont,124.90339660644531,107.23670196533203
8501202,Burier,81.0784683227539,406.9238586425781
8501448,Champéry,492.9555358886719,523.8818359375
8501453,La Cour,547.5990600585938,528.155029296875
8501452,St-Triphon-Gare,498.69268798828125,521.4749755859375
8501459,St-Triphon-Village,613.022705078125,535.2947387695312
8501458,Villy,537.5560913085938,527.7242431640625
8501262,Hauteville,164.16908264160156,-81.50389099121094
8501263,Château-d'Hauteville,202.6374969482422,-260.48040771484375
8501264,St-Légier-Village,236.7019805908203,-417.3415222167969
8501265,La Chiésaz,261.9913024902344,-546.9757690429688
8501266,Château-de-Blonay,279.2430114746094,-652.4085693359375
8501280,St-Légier-Gare,292.9227600097656,-740.5055541992188
8501281,Blonay,304.3366394042969,-816.0538330078125
8501282,Prélaz-sur-Blonay,310.9151611328125,-873.814453125
8501283,Tusinge,316.5794677734375,-922.171875
8501284,Les Chevalleyres,322.2740478515625,-965.611083984375
8501285,Fayaux,326.4932861328125,-1000.65869140625
8501286,Ondallaz-L'Alliaz,328.4212341308594,-1024.6011962890625
8501287,Lally,331.80548095703125,-1047.8375244140625
8501288,Les Pléiades,328.64434814453125,-1052.8450927734375
8530261,Bois-de-Chexbres,334.1942443847656,-1052.266357421875
8501301,Territet,152.68531799316406,460.1827392578125
8501302,Veytaux-Chillon,206.62721252441406,479.8195495605469
8501374,Fontanivent,-50.6170654296875,500.7192687988281
8501500,Martigny,363.1719970703125,585.503662109375
8501505,Ardon,182.13714599609375,442.4919738769531
8501375,Chernex,-192.9993133544922,565.1268920898438
8501376,Chamby,-325.17474365234375,616.98828125
8501377,Les Avants,-448.7245178222656,659.8472290039062
8501378,Allières,-489.6901550292969,671.467041015625
8501380,Montreux-Collège,-517.0795288085938,677.5357666015625
8501379,Les Sciernes,-522.7554321289062,675.5067749023438
8501384,Sonzier,-543.5896606445312,665.9467163085938
8501383,Planchamp,-557.8938598632812,684.2633666992188
8501381,Vuarennes,-542.46923828125,687.2568969726562
8501382,Châtelard VD,-554.2005615234375,693.5401611328125
8501385,Sendy-Sollard,-552.2054443359375,641.0122680664062
8501386,Jor,-546.4695434570312,643.5389404296875
8501390,Belmont-sur-Montreux,-548.265380859375,599.5741577148438
8501391,La Tine,-534.9387817382812,597.1041259765625
8501394,Château-d'Oex,-578.8531494140625,578.250244140625
8501393,La Chaudanne-Les Moulins,-576.83251953125,592.247802734375
8504070,Montbovon,-619.8966064453125,549.9833984375
8501399,Gstaad,-673.4276733398438,534.8485107421875
8501392,Rossinière,-562.4555053710938,598.9732055664062
8501395,Les Granges-Gérignoz,-621.456787109375,584.2880859375
8501396,Flendruz,-648.6508178710938,577.9132080078125
8501397,Rougemont,-670.2061767578125,571.3540649414062
8501398,Saanen,-674.2880249023438,552.0802001953125
8507270,Gruben,-677.5061645507812,537.7264404296875
8507271,Schönried,-697.7507934570312,487.365966796875
8501457,Monthey-Hôpital,626.5549926757812,540.0770874023438
8501468,Aigle-Château,641.7382202148438,539.5836181640625
8501405,Vernayaz,347.14105224609375,556.5659790039062
8501421,Monthey,385.2389221191406,593.7220458984375
8501428,St-Gingolph (Suisse),412.13592529296875,623.7227783203125
8501446,Villars-sur-Ollon Golf,256.1152038574219,692.2811889648438
8501487,Bex-Place-du-Marché,242.58346557617188,754.5501708984375
8501447,Roches Grises,232.8464813232422,820.1207885742188
8501404,Evionnaz,319.8742370605469,521.55859375
8501420,Massongex,342.8943786621094,547.3045043945312
8501422,Collombey,428.88690185546875,628.9898071289062
8501423,Vionnaz,458.0772399902344,651.9801025390625
8501424,Vouvry,469.8606872558594,666.6514282226562
8501425,Les Evouettes,464.3506774902344,666.400390625
8501426,Bouveret,446.52301025390625,649.2581176757812
8501492,Gryon,224.2207489013672,883.7713623046875
8501491,Les Posses,218.96925354003906,894.500244140625
8501495,Villars-sur-Ollon,211.1192169189453,932.7979736328125
8501494,Arveyes,212.3602294921875,927.6076049804688
8501454,Fayot,652.1538696289062,542.3739013671875
8501456,Chemex,646.6248779296875,534.3850708007812
8501465,Val-d'Illiez,738.5177612304688,528.1272583007812
8501464,Troistorrents,744.679931640625,536.6466064453125
8501460,Croix-du-Nant,674.6209716796875,539.1866455078125
8501461,Ollon VD,699.4940795898438,540.2666015625
8501463,Monthey-Ville,734.6255493164062,537.496826171875
8501462,Collombey-Muraz,723.071044921875,540.1448974609375
8530335,Aigle-Hôpital,763.5418090820312,535.9758911132812
8501726,Corbier,772.3712158203125,530.8932495117188
8501466,Champéry-Village,800.6085205078125,532.464111328125
8530378,Les Neys,825.6380615234375,522.949462890625
8530366,Pont du Rhône,819.7423706054688,528.1493530273438
8530463,En Charnet,834.2842407226562,517.99658203125
8530430,Route de Morgins,840.451171875,519.94775390625
8501469,Les Fontanelles,725.0714111328125,553.3779296875
8501470,Verschiez,798.4037475585938,569.7197265625
8501471,Plambuit,887.9567260742188,566.960205078125
8501554,Aigle-Place-du-Marché,904.1296997070312,567.4691162109375
8501472,Exergillod,912.6185302734375,570.062255859375
8501473,Les Planches (Aigle),925.030029296875,574.8399658203125
8501479,Les Diablerets,965.7190551757812,565.1915283203125
8501485,Fontanney,874.9048461914062,581.823974609375
8501474,Le Sépey,960.733154296875,567.6201171875
8501475,Les Echenards,987.0963134765625,566.8270874023438
8501476,Les Aviolats,993.7145385742188,562.8375244140625
8517485,Sur-le-Buis,990.8121948242188,563.0950927734375
8517484,Aigle-Parc Aventure,953.0501098632812,564.6236572265625
8501477,Vers-l'Eglise,982.8314208984375,560.6931762695312
8501481,Leysin-Village,626.7266235351562,562.0309448242188
8501482,Leysin-Feydey,742.9458618164062,578.501220703125
8501483,Leysin-Grand-Hôtel,780.159423828125,583.728515625
8501484,Aigle-Dépôt,807.0929565429688,590.6160278320312
8501725,Versmont,894.2667236328125,574.436767578125
8501488,Bévieux,215.88792419433594,875.878662109375
8501490,Fontannaz-Seulaz,214.13465881347656,892.3915405273438
8530064,Bex Pont-Neuf,194.66592407226562,961.5106811523438
8501727,La Clairière,193.33773803710938,986.7249755859375
8501493,La Barboleuse,217.82034301757812,911.67431640625
8501497,Col-de-Soud,204.8796844482422,968.4669189453125
8501499,Col-de-Bretaye,196.7802276611328,996.5294799804688
8501498,Bouquetins,201.3037567138672,990.4825439453125
8501501,Charrat-Fully,344.0723571777344,589.07470703125
8501561,Vernayaz MC,406.1534118652344,649.962646484375
8501562,Salvan,439.2262268066406,702.530029296875
8501572,Martigny-Bourg,388.1084289550781,612.7088623046875
8501575,Bovernier,397.9427795410156,625.55810546875
8501573,Martigny-Croix,398.7744140625,629.2372436523438
8501576,Sembrancher,416.165771484375,649.130859375
8501502,Saxon,316.9847412109375,576.52685546875
8501503,Riddes,282.2666015625,552.1635131835938
8501504,Chamoson-St-Pierre-de-Clages,235.45050048828125,503.05224609375
8501507,St-Léonard,94.06092834472656,353.8157958984375
8501510,Châteauneuf-Conthey,69.43719482421875,344.175537109375
8501600,Salgesch,53.92905807495117,338.90618896484375
8501563,Les Marécottes,480.164306640625,764.0519409179688
8501564,Le Trétien,487.6747741699219,777.2011108398438
8501565,Finhaut,502.4262390136719,800.697265625
8501566,Le Châtelard VS,510.4056091308594,813.9945068359375
8501568,Le Châtelard-Frontière,515.6902465820312,823.0611572265625
8530303,Les Fumeaux,522.8943481445312,835.0767211914062
8501577,La Douay,427.3354187011719,663.831298828125
8501578,Orsières,430.3805236816406,664.2451782226562
8501579,Le Châble VS,440.5243835449219,671.5338134765625
8501580,Etiez,449.2549133300781,683.097900390625
8501602,Turtmann,21.289989471435547,313.5022277832031
8501603,Gampel-Steg,9.12207317352295,296.50604248046875
8501636,Eyholz,-235.12081909179688,26.207483291625977
8501683,Stalden-Saas,-154.62559509277344,101.81687927246094
8501950,Preglia,153.6419219970703,159.52536010742188
8501951,Varzo,156.4691162109375,156.1874237060547
8501952,Iselle di Trasquera,154.84291076660156,149.98086547851562
8507471,Eggerberg,152.3396453857422,146.0348663330078
8507472,Ausserberg,146.76803588867188,139.3183135986328
8501661,Oberwald,-347.20672607421875,-1.6480298042297363
8501672,Fiesch,-374.2038269042969,-36.235965728759766
8501671,Fürgangen-Bellwald Talstation,-458.4324035644531,-64.5622787475586
8515296,Brig Bahnhofplatz,-284.08489990234375,-142.7381591796875
8501689,Zermatt,-295.3492736816406,-146.9495849609375
8501729,Fiesch Feriendorf,-318.52642822265625,-131.8380889892578
8505165,Andermatt,-277.6729431152344,-175.643310546875
8509179,Disentis/Mustér,-289.7137756347656,-285.25030517578125
8501662,Obergesteln,-434.7657775878906,-33.26616287231445
8501663,Ulrichen,-509.80517578125,-54.96442413330078
8501664,Geschinen,-562.1984252929688,-81.44026947021484
8501665,Münster VS,-601.461669921875,-94.49104309082031
8501666,Reckingen VS,-621.4097290039062,-107.79313659667969
8501667,Gluringen,-624.6786499023438,-111.98764038085938
8501668,Biel (Goms),-608.894775390625,-109.87749481201172
8501669,Blitzingen,-576.2734985351562,-100.32691192626953
8501670,Niederwald,-526.2854614257812,-84.59329986572266
8501673,Lax,-405.66424560546875,-65.22493743896484
8501674,Grengiols,-417.85443115234375,-94.44776153564453
8501675,Betten Talstation,-416.3384704589844,-113.34258270263672
8501676,Mörel,-395.90899658203125,-128.0987091064453
8501677,Bitsch,-364.8756408691406,-133.14564514160156
8501684,Kalpetran,-213.22280883789062,54.23370361328125
8501685,St. Niklaus VS,-255.67987060546875,5.89003849029541
8501686,Herbriggen,-287.0851745605469,-37.44789505004883
8501687,Randa,-304.0024719238281,-77.9091567993164
8501688,Täsch,-305.503173828125,-114.89950561523438
8505119,Göschenen,-237.71844482421875,-57.368064880371094
8505164,Hospental,-285.2347412109375,-148.34988403320312
8588193,Gryon Bois-Gentil,180.734375,1031.394287109375
8530523,La Ruaz,171.76022338867188,1049.278076171875
8505163,Realp,-283.4190368652344,-113.62202453613281
8502002,Brittnau-Wikon,40.508399963378906,151.64222717285156
8502003,Reiden,32.09870147705078,150.0292205810547
8502006,Wauwil,10.860692024230957,118.23880004882812
8502100,Safenwil,43.269710540771484,133.19813537597656
8502004,Dagmersellen,12.727294921875,144.09201049804688
8502005,Nebikon,5.165130615234375,134.89918518066406
8502008,Nottwil,4.579977035522461,92.19820404052734
8502009,Sempach-Neuenkirch,-4.623587131500244,85.59091186523438
8502011,Oberkirch LU,-15.380485534667969,83.6496810913086
8502020,Rothenburg,-30.089290618896484,55.593345642089844
8502012,Rothenburg Dorf,-31.54119110107422,70.56537628173828
8502017,Waldibrücke,-46.02045822143555,16.231327056884766
8502019,Ermensee,-48.3820686340332,15.403558731079102
8502022,Eschenbach LU,-52.84213638305664,5.910909652709961
8502024,Hochdorf,-43.66068649291992,-10.382222175598145
8502027,Hitzkirch,-57.554534912109375,-12.13574504852295
8502023,Ballwil,-57.66801452636719,-0.9375454783439636
8502025,Baldegg,-67.62239837646484,-8.847101211547852
8502029,Mosen,-31.346275329589844,-4.799874305725098
8502034,Beinwil am See,-10.28946590423584,-4.32365608215332
8502026,Gelfingen,-72.08110809326172,-10.335416793823242
8502200,Ebikon,-11.465950012207031,-36.61901092529297
8502030,Seon,-61.92676544189453,5.548630237579346
8502033,Birrwil,-46.45941162109375,6.240683078765869
8502031,Hallwil,-76.0526351928711,12.69498062133789
8502032,Boniswil,-69.27729034423828,11.896123886108398
8502104,Hunzenschwil,50.48423767089844,29.181283950805664
8502114,Rupperswil,94.55240631103516,23.486848831176758
8502101,Kölliken,36.814144134521484,117.74200439453125
8502102,Oberentfelden,40.09770202636719,95.9657974243164
8502111,Däniken SO,88.14348602294922,91.28316497802734
8502211,Hendschiken,64.40151977539062,-20.513671875
8502202,Rotkreuz,51.79371643066406,-75.61924743652344
8502123,Buchs AG,81.21212005615234,322.7812194824219
8502177,Schöftland Nordweg,-130.9950408935547,28.500633239746094
8502116,Schinznach Bad,199.05697631835938,-53.16203308105469
8503503,Turgi,264.1461181640625,-116.57459259033203
8502128,Holderbank AG,233.80908203125,-87.21131896972656
8502247,Birr,188.0256805419922,-117.0960922241211
8503020,Zürich Hardbrücke,305.20086669921875,-184.20907592773438
8503147,Stettbach,328.716552734375,-188.18508911132812
8503502,Siggenthal-Würenlingen,344.60028076171875,-149.77197265625
8502120,Küngoldingen,29.4649715423584,-6.570918560028076
8502201,Gisikon-Root,13.392619132995605,-57.451847076416016
8502237,Lupfig,111.99163055419922,-110.23188018798828
8502121,Walterswil-Striegel,11.037596702575684,-2.6657402515411377
8502122,Kölliken Oberdorf,3.063199281692505,-0.7296562194824219
8502160,Gränichen,88.2514877319336,527.56201171875
8502161,Teufenthal AG,98.60086822509766,710.6910400390625
8502162,Unterkulm,104.55354309082031,887.5308837890625
8502163,Oberkulm,114.40044403076172,938.69482421875
8502174,Bleien Liebegg,101.51473236083984,992.6505737304688
8502169,Menziken,110.99984741210938,1019.9797973632812
8502164,Gontenschwil,120.58846282958984,981.63330078125
8502165,Zetzwil,128.18350219726562,1008.5126953125
8502166,Leimbach AG,130.21011352539062,1028.115478515625
8502167,Reinach AG Nord,127.6362533569336,1036.928466796875
8502168,Reinach AG,119.44253540039062,1035.8701171875
8502176,Reinach AG Mitte,96.77733612060547,1017.0277709960938
8502183,Oberkulm Post,91.99999237060547,1036.7608642578125
8502178,Obermuhen,-320.11566162109375,-48.14150619506836
8502179,Mittelmuhen,-498.3659362792969,-119.13164520263672
8502180,Muhen Nord,-652.0558471679688,-189.2255096435547
8502181,Oberentfelden Uerkenbrücke,-700.6666870117188,-214.14088439941406
8502195,Muhen,-745.1380615234375,-225.5591278076172
8502194,Oberentfelden Engelplatz,-763.7158813476562,-240.35084533691406
8502182,Unterentfelden Oberdorf,-735.144287109375,-233.7606201171875
8502191,Binzenhof,-766.5181884765625,-241.24490356445312
8502184,Gränichen Oberdorf,86.99614715576172,1062.461181640625
8502189,Gränichen Töndler,80.5369644165039,1093.2607421875
8502185,Bremgarten Isenlauf,56.61298751831055,-372.02960205078125
8502186,Dietikon Stoffelbach,46.576778411865234,-410.84075927734375
8502188,Zufikon Hammergut,66.43193054199219,-400.5680236816406
8502187,Rudolfstetten Hofacker,50.53590393066406,-422.05377197265625
8502213,Wohlen AG,72.13546752929688,-274.7844543457031
8502212,Dottikon-Dintikon,58.894134521484375,-127.15151977539062
8502248,Bremgarten Obertor,79.5242691040039,-420.327392578125
8502268,Zufikon Belvédère,90.05712127685547,-467.2664489746094
8516450,Unterkulm Nord,76.82576751708984,1105.6558837890625
8502192,Distelberg,-766.2533569335938,-249.25611877441406
8502196,Unterentfelden Post,-763.1296997070312,-233.03627014160156
8502197,Hirschthal,-768.15625,-236.56918334960938
8502199,Schöftland,-780.8907470703125,-240.6536407470703
8502203,Cham,57.86869812011719,-100.31349182128906
8502205,Walchwil,20.81935691833496,-112.7852554321289
8502220,Urdorf,91.1119613647461,-187.45452880859375
8502231,Zug Oberwil,-22.46682357788086,-99.60002899169922
8515992,Baar Neufeld,15.450946807861328,-59.50253677368164
8502214,Boswil-Bünzen,79.2991943359375,-244.5192413330078
8502216,Benzenschwil,88.14139556884766,-224.6925048828125
8502218,Sins,83.73735809326172,-235.29844665527344
8502217,Mühlau,83.35774993896484,-240.76950073242188
8502219,Oberrüti,79.0283203125,-248.97842407226562
8502221,Birmensdorf ZH,118.20077514648438,-244.26278686523438
8502222,Bonstetten-Wettswil,142.449462890625,-279.2735595703125
8502223,Hedingen,159.6943359375,-282.0648193359375
8502224,Affoltern am Albis,176.36709594726562,-269.3035888671875
8502225,Mettmenstetten,184.9490203857422,-288.6705017089844
8502227,Steinhausen,183.2799530029297,-250.15634155273438
8502226,Knonau,188.8271484375,-284.6040344238281
8502300,Zug Postplatz,-59.983768463134766,-78.74301147460938
8502269,Erdmannlistein,101.31158447265625,-490.3529357910156
8502270,Bergfrieden,126.48825073242188,-507.4735412597656
8502271,Wohlen Oberdorf,116.02429962158203,-518.301513671875
8502272,Bremgarten West,137.65103149414062,-517.3229370117188
8502273,Bremgarten,171.0999755859375,-487.9554138183594
8502274,Zufikon,191.14810180664062,-484.6059875488281
8502276,Berikon-Widen,230.0821990966797,-394.9261779785156
8502275,Widen Heinrüti,213.8277130126953,-453.5540771484375
8502277,Rudolfstetten,276.10504150390625,-259.73046875
8517377,Bibenlos-Sonnenhof,260.1053161621094,-335.3236999511719
8517376,Dietikon Schöneggstrasse,284.2014465332031,-251.0318145751953
8502278,Reppischhof,286.6881408691406,-209.03370666503906
8503505,Wettingen,318.9645080566406,-141.99559020996094
8503506,Killwangen-Spreitenbach,324.5503845214844,-164.77212524414062
8505004,Arth-Goldau,-55.84973907470703,-65.34749603271484
8503286,Samstagern,57.89148712158203,-155.89572143554688
8503292,Altmatt,-15.746103286743164,-117.37340545654297
8503295,Wilen bei Wollerau,7.336565971374512,-121.60091400146484
8505002,Küssnacht am Rigi,-29.409133911132812,-65.00238037109375
8505003,Immensee,-43.89405822753906,-68.47216796875
8515993,Baar Lindenpark,-87.82904052734375,-58.78175354003906
8505112,Flüelen,-138.62222290039062,-47.29884338378906
8505114,Erstfeld,-160.65892028808594,-50.05978775024414
8503003,Zürich Stadelhofen,280.89898681640625,-171.23838806152344
8503004,Zürich Tiefenbrunnen,307.8454895019531,-192.1923370361328
8503009,Zürich Wollishofen,209.82186889648438,-96.21543884277344
8503011,Zürich Wiedikon,257.0848693847656,-147.72840881347656
8503015,Zürich Wipkingen,269.6214904785156,-130.0166473388672
8503201,Rüschlikon,232.64871215820312,-148.57008361816406
8503206,Wädenswil,147.45249938964844,-142.08108520507812
8503204,Horgen,177.31126403808594,-142.45068359375
8503205,Au ZH,164.32620239257812,-147.8203887939453
8503141,Küsnacht Goldbach,298.06585693359375,-195.02911376953125
8509000,Chur,-200.35719299316406,-259.4999084472656
8506319,Altstätten SG,-158.63392639160156,-248.92193603515625
8509404,Buchs SG,-114.04129028320312,-228.3331298828125
8509004,Bad Ragaz,-225.77183532714844,-292.2962646484375
8509402,Salez-Sennwald,-129.68894958496094,-246.86582946777344
8503008,Zürich Affoltern,303.880126953125,-172.63970947265625
8503110,Rapperswil SG,277.3271179199219,-212.96559143066406
8503109,Feldbach,330.8751525878906,-283.93096923828125
8503123,Wetzikon ZH,319.9195861816406,-208.515380859375
8503122,Bubikon,349.4608459472656,-242.91091918945312
8503125,Uster,292.67559814453125,-206.97793579101562
8503124,Aathal,311.6782531738281,-221.2953338623047
8506000,Winterthur,277.7699279785156,-175.77029418945312
8503134,Bauma,360.8999328613281,-240.46615600585938
8503139,Tann-Dürnten,358.8279724121094,-216.2979278564453
8503307,Bassersdorf,276.60638427734375,-143.173828125
8503340,Opfikon,309.7830505371094,-167.27857971191406
8503512,Glanzenberg,357.1115417480469,-198.40798950195312
8503100,Zollikon,331.642822265625,-221.76699829101562
8503007,Zürich Seebach,301.8518981933594,-169.0272979736328
8503126,Nänikon-Greifensee,307.9400329589844,-207.83456420898438
8503129,Wallisellen,288.4051208496094,-192.2960968017578
8503128,Dübendorf,326.3848571777344,-215.58470153808594
8503200,Kilchberg ZH,263.3992919921875,-163.06985473632812
8503304,Kemptthal,261.0182189941406,-156.74215698242188
8503112,Kempraten,287.32843017578125,-212.29478454589844
8503305,Effretikon,253.56338500976562,-169.70306396484375
8503210,Freienbach SBB,198.89898681640625,-182.73992919921875
8503303,Illnau,288.4447021484375,-222.15377807617188
8503101,Küsnacht ZH,349.5381164550781,-251.8400115966797
8503104,Meilen,346.87481689453125,-263.48931884765625
8503103,Herrliberg-Feldmeilen,360.1742248535156,-283.31170654296875
8503130,Hinwil,325.56427001953125,-206.2229766845703
8503310,Glattbrugg,349.9056396484375,-220.91091918945312
8503526,Regensdorf-Watt,393.17669677734375,-221.46231079101562
8503525,Otelfingen Golfpark,371.3067932128906,-187.91464233398438
8518459,Steinhausen Rigiblick,252.54177856445312,-197.53492736816406
8503209,Pfäffikon SZ,156.91473388671875,-174.38632202148438
8503051,Zürich Binz,292.7615051269531,922.7867431640625
8503052,Zürich Friesenberg,304.2247009277344,928.6229248046875
8503088,Zürich HB SZU,270.75396728515625,904.83984375
8503054,Zürich Triemli,289.67913818359375,918.0156860351562
8503055,Uitikon Waldegg,283.5968933105469,914.6539916992188
8503056,Ringlikon,280.72515869140625,913.893798828125
8503057,Uetliberg,278.5952453613281,907.8218994140625
8503087,Zürich Saalsporthalle,278.73529052734375,923.2463989257812
8503053,Zürich Schweighof,303.7471923828125,927.2246704101562
8503059,"Zürich Stadelhofen, Bahnhof",1027.2723388671875,924.1619262695312
8503060,Esslingen,1020.5424194335938,925.1893920898438
8503061,Langwies ZH,1022.8187255859375,925.2544555664062
8503062,Egg,1036.2764892578125,922.4904174804688
8503065,Forch,1041.048583984375,912.2325439453125
8503064,Scheuren,1034.1717529296875,910.0669555664062
8503067,Zollikerberg,1043.8603515625,920.1600341796875
8503066,Zumikon,1042.0523681640625,919.320556640625
8503063,Hinteregg,1028.4388427734375,915.7910766601562
8503070,Emmat,1052.748046875,917.2060546875
8503068,Maiacher,1055.7916259765625,918.50244140625
8530811,"Zürich, Balgrist",1061.8096923828125,900.9240112304688
8503072,Neuhaus bei Hinteregg,1062.6993408203125,914.2982177734375
8503078,Waldburg,1060.201904296875,904.42138671875
8503077,Spital Zollikerberg,1057.4852294921875,909.5770263671875
8503075,Waltikon,1064.91650390625,911.9742431640625
8503074,Neue Forch,1066.022216796875,918.3070678710938
8503086,Zürich Brunau,284.3727111816406,932.3784790039062
8503089,Wildpark-Höfli,236.42770385742188,874.2985229492188
8503090,Zürich Selnau,197.77635192871094,844.2872924804688
8503091,Zürich Giesshübel,85.51277160644531,733.7061157226562
8503093,Zürich Manegg,-25.643163681030273,629.317626953125
8503094,Zürich Leimbach,-130.4949951171875,517.6531982421875
8503095,Sood-Oberleimbach,-225.03228759765625,410.68408203125
8503096,Adliswil,-306.00384521484375,302.36712646484375
8503097,Langnau-Gattikon,-368.6505432128906,234.14013671875
8503098,Sihlwald,-388.27178955078125,208.59715270996094
8503099,Sihlau,-388.3481140136719,209.4879913330078
8503102,Erlenbach ZH,366.8438415527344,-280.0412292480469
8503111,Winkel am Zürichsee,331.0867004394531,-257.1857604980469
8503105,Uetikon,362.5205078125,-291.55938720703125
8503106,Männedorf,379.5173034667969,-314.30126953125
8503107,Stäfa,381.27093505859375,-327.8723449707031
8503108,Uerikon,369.18536376953125,-323.8697509765625
8503113,Blumenau,248.6809539794922,-232.86959838867188
8503115,Schmerikon,213.68946838378906,-225.92010498046875
8503120,Jona,327.0790100097656,-248.3214874267578
8503116,Uznach,112.68853759765625,-201.7557373046875
8503207,Richterswil,152.79312133789062,-176.53822326660156
8503208,Bäch SZ,157.35353088378906,-186.87684631347656
8503117,Kaltbrunn,61.94290542602539,-200.47711181640625
8503118,Benken SG,112.11656951904297,-198.18692016601562
8503119,Schänis,108.39297485351562,-181.75424194335938
8506200,Wattwil,14.166145324707031,-184.09152221679688
8505018,Meggen Zentrum,-62.68886184692383,-103.21504974365234
8503223,Reichenburg,121.501708984375,-134.1242218017578
8503224,Bilten,112.77981567382812,-135.25645446777344
8503121,Rüti ZH,356.8769836425781,-255.50970458984375
8503300,Kempten,335.0246276855469,-219.29173278808594
8503127,Schwerzenbach ZH,327.6614074707031,-226.23211669921875
8503301,Pfäffikon ZH,320.9161682128906,-232.62237548828125
8503135,Steg,416.354736328125,-266.9716796875
8503136,Fischenthal,441.52996826171875,-278.62030029296875
8503137,Gibswil,441.4402160644531,-270.7481689453125
8503138,Wald ZH,413.4695739746094,-251.4275665283203
8503421,Jestetten,418.73541259765625,-205.2640838623047
8503203,Oberrieden,191.79624938964844,-139.27066040039062
8503283,Einsiedeln,120.47750854492188,-157.933837890625
8503285,Schindellegi-Feusisberg,50.675933837890625,-154.897216796875
8503211,Altendorf,178.5816192626953,-181.61915588378906
8503220,Lachen SZ,168.73944091796875,-163.70848083496094
8503280,Steinerberg,146.92648315429688,-196.24179077148438
8503282,Rothenthurm,115.92118835449219,-176.28395080566406
8503281,Sattel-Aegeri,131.85227966308594,-196.48162841796875
8503299,Hurden,82.26770782470703,-154.0403594970703
8503222,Schübelbach-Buttikon,138.8054962158203,-130.11167907714844
8503226,Nieder- und Oberurnen,63.63497543334961,21.22933578491211
8509411,Sargans,-152.96978759765625,-273.53021240234375
8509002,Landquart,-328.6621398925781,-326.3249816894531
8509406,Sevelen,-135.0654754638672,-258.0098876953125
8503227,Näfels-Mollis,24.879627227783203,172.45993041992188
8503228,Netstal,-5.737865924835205,317.48492431640625
8503230,Glarus,-25.5472354888916,447.37994384765625
8503231,Ennenda,-37.723304748535156,558.4318237304688
8503232,Mitlödi,-44.4974365234375,655.3199462890625
8503233,Schwanden GL,-47.4483528137207,739.9910888671875
8503234,Nidfurn-Haslen,-48.4643669128418,814.5001831054688
8503235,Leuggelbach,-45.441741943359375,877.141357421875
8503236,Luchsingen-Hätzingen,-40.15031814575195,926.0926513671875
8503237,Diesbach-Betschwanden,-36.02643585205078,964.9382934570312
8503238,Rüti GL,-35.15818786621094,996.4072875976562
8503239,Linthal,-31.643272399902344,1014.045654296875
8503240,Linthal Braunwaldbahn,-30.31847381591797,1021.4391479492188
8503290,Biberegg,11.534543991088867,-138.42465209960938
8503289,Freienbach SOB,14.576761245727539,-150.52508544921875
8503287,Burghalden,51.40094757080078,-182.0499267578125
8503288,Wollerau,30.71363639831543,-158.31808471679688
8503293,Grüenfeld,51.33713912963867,-194.56504821777344
8503294,Riedmatt SZ,-5.0984978675842285,-132.5114288330078
8503302,Fehraltorf,313.0946960449219,-243.17723083496094
8503308,Kloten,311.5782470703125,-154.51255798339844
8503309,Kloten Balsberg,323.6274719238281,-161.323974609375
8503311,Rümlang,389.2683410644531,-255.9254913330078
8503314,Niederhasli,466.3852844238281,-372.84521484375
8503315,Dielsdorf,506.779296875,-456.0688781738281
8503316,Steinmaur,537.2559814453125,-518.8639526367188
8503317,Schöfflisdorf-Oberweningen,554.555908203125,-564.975830078125
8503318,Niederweningen Dorf,566.8851318359375,-593.222412109375
8503319,Niederweningen,571.6666259765625,-604.9434204101562
8503401,Glattfelden,423.27679443359375,-221.5032958984375
8503402,Eglisau,446.6192321777344,-227.6427001953125
8503403,Hüntwangen-Wil,483.73583984375,-243.80162048339844
8503404,Rafz,491.6151123046875,-245.86981201171875
8503420,Lottstetten,469.8446960449219,-233.04336547851562
8503410,Rietheim,485.8616943359375,-210.62779235839844
8503413,Kaiserstuhl AG,560.3073120117188,-241.81956481933594
8503414,Mellikon,601.01953125,-257.1508483886719
8503415,Rümikon AG,616.5753784179688,-264.0187683105469
8503425,Feuerthalen,281.4151916503906,-167.21685791015625
8506039,Schloss Laufen am Rheinfall,335.09344482421875,-146.89195251464844
8518243,Beringerfeld,301.4710693359375,-110.01022338867188
8518924,Neuhausen Rheinfall,303.4705505371094,-112.14363098144531
8503426,Langwiesen,267.2680358886719,-237.28726196289062
8503427,Schlatt TG,255.92584228515625,-279.93841552734375
8503428,Diessenhofen,244.2332763671875,-318.5475158691406
8503429,Schlattingen,229.09632873535156,-347.2601318359375
8506025,Etzwilen,215.9711456298828,-373.0533447265625
8506024,Stammheim,227.79660034179688,-384.4424133300781
8516176,Klingnau,292.3966979980469,-122.6552734375
8503509,Schlieren,353.5470886230469,-177.27362060546875
8503511,Neuenhof,368.8984069824219,-193.21710205078125
8516219,Mellingen Heitersberg,392.98309326171875,-249.69338989257812
8506003,Sennhof-Kyburg,455.53375244140625,-246.53440856933594
8506008,Wila,461.69000244140625,-216.9173583984375
8506038,Winterthur Wallrüti,267.53173828125,-323.0603942871094
8503527,Buchs-Dällikon,464.9713134765625,-268.6790466308594
8503528,Otelfingen,508.1116638183594,-296.54583740234375
8503529,Würenlos,526.9969482421875,-308.4288330078125
8504003,Bossière,-20.48847007751465,242.2069854736328
8504010,La Conversion,-22.682941436767578,245.3263702392578
8504013,Chexbres-Village,-27.912904739379883,284.11212158203125
8504015,Vevey-Funi,-56.466094970703125,302.8922424316406
8504016,Palézieux-Village,-15.563841819763184,279.8630065917969
8504020,Oron,-15.083041191101074,166.50511169433594
8504021,Vauderens,-9.627021789550781,134.38645935058594
8504060,Bossonnens,-77.04991149902344,185.4301300048828
8504040,Corseaux-Cornalles,-67.83740234375,309.29071044921875
8504017,Châtillens,-4.470453262329102,353.67291259765625
8504018,Ecublens-Rue,22.21852684020996,410.5028381347656
8504120,Moudon,61.362037658691406,447.50469970703125
8504024,Villaz-St-Pierre,-4.0432538986206055,79.1836929321289
8504084,Vaulruz-Nord,-16.474706649780273,111.31048583984375
8504066,Vuadens-Sud,-104.70963287353516,134.25335693359375
8504079,La Tour-de-Trême Ronclina,-159.37677001953125,178.53152465820312
8504025,Chénens,-8.357420921325684,56.530723571777344
8504026,Cottens FR,-0.7987865209579468,45.87379455566406
8504027,Neyruz FR,16.39733123779297,44.451080322265625
8504028,Rosé,44.30060958862305,40.54742431640625
8504029,Matran,80.50225830078125,47.179298400878906
8504061,Remaufens,-131.9427032470703,167.97137451171875
8504062,Châtel-St-Denis,-164.81710815429688,160.2835235595703
8504063,Semsales,-180.4867706298828,147.58189392089844
8504064,La Verrerie,-180.36439514160156,150.53379821777344
8504065,Vaulruz-Sud,-163.9974822998047,142.34762573242188
8504071,Lessoc,-612.2271728515625,510.638427734375
8504072,Albeuve,-591.20263671875,464.81707763671875
8504073,Neirivue,-560.3202514648438,424.85467529296875
8504074,Villars-sous-Mont,-512.1029052734375,373.83673095703125
8504075,Enney,-448.8077392578125,323.47442626953125
8504077,Gruyères,-369.875244140625,278.4677734375
8504078,Le Pâquier-Montbarry,-274.1956787109375,226.87083435058594
8504102,Schmitten FR,256.5636291503906,75.71224212646484
8504128,Murten/Morat,222.27780151367188,339.035888671875
8504126,Avenches,209.63629150390625,421.1617126464844
8504127,Faoug,218.51449584960938,390.1236572265625
8504130,Yvonand,182.02005004882812,177.04502868652344
8504140,Muntelier-Löwenberg,257.6583557128906,386.6855163574219
8519133,Fribourg/Freiburg Poya,253.91326904296875,62.169960021972656
8516161,Bern Wankdorf,320.6212158203125,19.838268280029297
8504104,Thörishaus Station,286.808837890625,94.67439270019531
8504105,Niederwangen,299.1430358886719,96.69939422607422
8504191,Flamatt Dorf,299.1267395019531,82.62520599365234
8504106,Bern Bümpliz Süd,328.1434631347656,98.28883361816406
8504108,Bern Europaplatz,342.0789489746094,90.66691589355469
8504113,Wünnewil,345.2550964355469,86.58403778076172
8504121,Lucens,114.41310119628906,465.9300842285156
8504122,Granges-Marnand,179.37136840820312,463.2533264160156
8504123,Corcelles-Nord,192.79092407226562,461.58074951171875
8504124,Dompierre FR,184.3016357421875,471.45147705078125
8504134,Payerne,231.51332092285156,419.7525939941406
8504129,Galmiz,243.14364624023438,390.3226623535156
8504133,Cugy FR,216.16864013671875,384.4145812988281
8504125,Domdidier,197.8089141845703,456.2867126464844
8504131,Cheyres,196.98997497558594,261.62969970703125
8504132,Estavayer-le-Lac,207.32122802734375,331.856201171875
8504135,Corcelles-Sud,233.26564025878906,466.4918518066406
8504141,Henniez,280.1654968261719,410.9793395996094
8504139,Belfaux CFF,232.83880615234375,437.900634765625
8504136,Cousset,230.0723114013672,492.63739013671875
8504137,Léchelles,228.3161163330078,498.235107421875
8504138,Grolley,232.7047882080078,478.4615478515625
8504400,Kerzers,332.4783020019531,404.4266357421875
8504182,Belfaux-Village,280.0755920410156,365.5117492675781
8504183,Pensier,317.8498840332031,398.90545654296875
8504184,Courtepin,347.5113525390625,417.9272155761719
8504185,Cressier FR,374.9958801269531,417.8486633300781
8504186,Münchenwiler-Courgevaux,387.6195983886719,402.83544921875
8504188,Sugiez,387.2999267578125,373.96710205078125
8504215,Travers,377.10394287109375,463.03485107421875
8504220,Neuchâtel-Serrières,372.9058532714844,480.1875
8504468,Ins Dorf,531.9063110351562,269.5674133300781
8504475,Gerolfingen,485.9568176269531,298.7191162109375
8504480,St-Blaise-Lac,378.98895263671875,363.9100646972656
8504481,Marin-Epagnier,407.1239929199219,331.9346618652344
8504482,Gampelen,415.81787109375,320.66607666015625
8504192,Neuenegg,307.39697265625,80.09249877929688
8504291,La Brinaz,240.3181915283203,148.77110290527344
8504203,Concise,298.6322937011719,464.9003601074219
8504204,Vaumarcus,324.2870178222656,523.6156005859375
8504205,Gorgier-St-Aubin,346.6602783203125,566.2039184570312
8504206,Bevaix,362.8848571777344,590.577392578125
8504208,Boudry,380.6497497558594,592.7183837890625
8504209,Colombier NE,388.5097351074219,575.2786254882812
8504219,Auvernier,391.8604431152344,541.1925048828125
8504218,Bôle,400.80438232421875,545.93212890625
8504216,Noiraigue,393.60791015625,507.4100036621094
8504217,Champ-du-Moulin,406.6462707519531,534.4104614257812
8504222,St-Blaise CFF,411.489501953125,415.7925720214844
8504231,Les Deurres,367.505859375,430.0507507324219
8504234,Chambrelien,329.1779479980469,510.87298583984375
8504284,La Presta Mines d'asphalte,330.54388427734375,487.5471496582031
8504223,Cornaux NE,459.684814453125,415.78363037109375
8504224,Cressier NE,490.6891784667969,404.3095397949219
8504225,Le Landeron,505.00299072265625,382.5933532714844
8504226,La Neuveville,500.6064147949219,352.72021484375
8504227,Ligerz,476.3561096191406,318.550537109375
8504228,Twann,431.0378112792969,275.9861755371094
8504232,Corcelles-Peseux,374.8717346191406,440.3879089355469
8504236,Les Geneveys-sur-Coffrane,301.18682861328125,600.9666137695312
8504285,Couvet,299.4515075683594,553.9161376953125
8504286,Môtiers NE,276.0069274902344,601.2134399414062
8504287,Fleurier,270.5860595703125,631.7218627929688
8504288,Buttes,252.41839599609375,641.2523803710938
8504292,Valeyres-sous-Montagny,243.00076293945312,-9.533681869506836
8504293,Essert-sous-Champvent,240.08575439453125,-159.66795349121094
8504294,Vuiteboeuf,245.59007263183594,-291.7283020019531
8504295,Baulmes,246.71694946289062,-399.3819580078125
8504296,Six-Fontaines,249.9484405517578,-474.8148193359375
8504298,Ste-Croix,247.63650512695312,-521.9666137695312
8530263,Yverdon-les-Bains William Barbey,246.3431396484375,-541.3681030273438
8504301,Frinvillier-Taubenloch,293.8219909667969,197.9812774658203
8504302,Reuchenette-Péry,295.6702575683594,223.12571716308594
8504419,Biel Mett,333.7521667480469,189.2484893798828
8504461,Nidau,398.5887145996094,186.86659240722656
8504305,Corgémont,290.6151123046875,423.15594482421875
8504307,Courtelary,280.3482360839844,522.5529174804688
8504306,Cortébert,288.9900207519531,481.677001953125
8504308,Cormoret,277.43096923828125,582.1627807617188
8504309,Villeret,272.74822998046875,624.2159423828125
8504311,Sonvilier,261.7435302734375,691.3692016601562
8504315,Le Crêt-du-Locle,251.2698974609375,769.3690795898438
8504316,Le Locle,252.6787872314453,792.7822265625
8504381,La Chaux-de-Fonds-Grenier,292.40155029296875,847.8670654296875
8504317,Le Locle-Col-des-Roches,255.48043823242188,803.4686279296875
8504321,La Chaux-de-Fonds Les Forges,252.46121215820312,803.2947998046875
8504391,Les Frêtes,254.80706787109375,830.7080078125
8504325,Colombier NE Littorail,-1139.3077392578125,310.9281005859375
8504398,"Neuchâtel,Place Pury Littorail",-1143.047119140625,307.02838134765625
8504382,Le Reymond,333.75762939453125,952.64306640625
8504383,La Corbatière,371.75335693359375,1048.5126953125
8504384,La Sagne-Eglise,381.8186340332031,1072.904296875
8504385,La Sagne,390.4810791015625,1093.0589599609375
8504386,Les Coeudres,397.41192626953125,1108.5897216796875
8504388,Les Ponts-de-Martel,406.96624755859375,1129.9378662109375
8504387,Petit-Martel,402.1202087402344,1119.3583984375
8530011,Les Coeudres-Est,417.8905029296875,1150.712890625
8504392,Les Brenets,256.5117492675781,854.8388061523438
8530260,Le Locle Le Chalet,255.27774047851562,863.58154296875
8504509,"Neuchâtel, Port-de-Serrières",-1148.2073974609375,303.6022644042969
8504510,Auvernier Littorail,-1147.54736328125,301.0888977050781
8504401,Fräschels,374.8860168457031,377.6256103515625
8504484,Müntschemier,374.758544921875,234.92723083496094
8504402,Kallnach,405.0516357421875,337.87518310546875
8504403,Bargen BE,418.80694580078125,283.65863037109375
8507002,Ostermundigen,322.6318359375,36.15473175048828
8504415,Busswil BE,392.99334716796875,124.47957611083984
8516444,Kerzers Papiliorama,410.13214111328125,150.4263458251953
8518749,Lyss Grien,411.0309143066406,148.23716735839844
8504416,Brügg BE,377.05908203125,104.00055694580078
8518771,Biel/Bienne Bözingenfeld/Champs-de-Boujean,372.89691162109375,204.87149047851562
8504462,Lattrigen,497.33831787109375,209.32350158691406
8504463,Täuffelen,571.3283081054688,224.98678588867188
8504464,Hagneck,603.724853515625,228.59034729003906
8504469,Nidau Beunden,588.6665649414062,257.089111328125
8504466,Siselen-Finsterhennen,602.5388793945312,248.6348114013672
8504465,Lüscherz,614.2962646484375,235.23287963867188
8504467,Brüttelen,576.876220703125,259.8577880859375
8504470,Ipsach Herdi,608.9052124023438,262.1766662597656
8504471,Ipsach,607.4287719726562,271.03436279296875
8504472,Sutz,586.5110473632812,282.6745300292969
8504474,Mörigen,545.3661499023438,291.10760498046875
8504490,Zihlbrücke,356.6374206542969,168.510986328125
8504487,Rosshäusern,351.7576599121094,178.02755737304688
8504488,Riedbach,353.9124755859375,161.51211547851562
8504511,Boudry Littorail,-1152.161865234375,288.5166320800781
8530708,"Neuchâtel, Evole",-1163.495849609375,288.09942626953125
8530711,Colombier NE Allées Littorail,-1154.6505126953125,277.1466979980469
8530710,"Neuchâtel, Serrières Ruau",-1157.6766357421875,280.20367431640625
8505001,Meggen,-4.320645332336426,-49.32323455810547
8507492,Interlaken Ost,-141.4403076171875,53.90739822387695
8507389,Zweilütschinen,-285.89434814453125,97.35563659667969
8507483,Spiez,-7.5764031410217285,79.24703979492188
8508207,Langnau i.E.,318.2705993652344,11.085861206054688
8508081,Burgdorf Steinhof,355.97723388671875,9.665057182312012
8508202,Konolfingen,407.5580139160156,29.4200496673584
8508205,Signau,393.4188537597656,9.442909240722656
8508206,Emmenmatt,369.48358154296875,7.5644426345825195
8508215,Wolhusen,-190.89173889160156,177.4031219482422
8508187,Huttwil,-226.8735809326172,228.5084228515625
8508213,Entlebuch,-126.38469696044922,169.92259216308594
8508308,Meiringen,-148.01622009277344,12.8042573928833
8508305,Brienz,-169.80165100097656,39.38562774658203
8508306,Brienzwiler,-169.02890014648438,26.534610748291016
8508312,Giswil,-41.88069152832031,-32.6922492980957
8508311,Kaiserstuhl OW,-95.43658447265625,-20.398916244506836
8508313,Sachseln,-40.95667266845703,-46.341552734375
8508318,Hergiswil NW,-69.0237045288086,-159.88922119140625
8508316,Alpnach Dorf,-90.85142517089844,-131.9911346435547
8508317,Alpnachstad,-89.05901336669922,-152.8234100341797
8508319,Horw,-56.516448974609375,-162.77784729003906
8508384,Niederrickenbach Station,-58.495628356933594,-163.81341552734375
8515995,Cham Alpenblick,-78.64673614501953,-40.06572723388672
8516353,Baldegg Kloster,18.69563102722168,-32.52953338623047
8505011,Merlischachen,-79.8797836303711,-82.74972534179688
8505005,Steinen,-74.68147277832031,-70.16120147705078
8505006,Schwyz,-84.97864532470703,-70.65032958984375
8505007,Brunnen,-110.33877563476562,-70.32842254638672
8505111,Sisikon,-110.69415283203125,-76.33683776855469
8505113,Altdorf UR,-212.3131103515625,43.569740295410156
8505213,Bellinzona,-311.6852722167969,233.2188262939453
8505201,Airolo,-298.4102783203125,103.31555938720703
8505209,Biasca,-288.9773254394531,166.11172485351562
8505212,Castione-Arbedo,-310.156494140625,202.16172790527344
8515994,Zug Fridbach,-99.65937805175781,-69.74714660644531
8517336,Luzern Verkehrshaus,-90.7911148071289,-127.51061248779297
8505207,Bodio TI,-319.3033447265625,166.36370849609375
8505170,Nätschen,-243.8121795654297,-261.92327880859375
8505180,Acla da Fontauna,-234.03814697265625,-357.1727294921875
8509178,Sumvitg-Cumpadials,-293.5931396484375,-345.404296875
8505172,Oberalppass,-200.5100860595703,-340.9330139160156
8505173,Tschamut-Selva,-159.1884765625,-403.889892578125
8505174,Dieni,-127.39189147949219,-448.6206359863281
8505175,Rueras,-110.7972412109375,-477.24725341796875
8505176,Sedrun,-112.3063735961914,-489.1517639160156
8505177,Bugnei,-137.41102600097656,-484.7693786621094
8505178,Mumpé Tujetsch,-164.61138916015625,-460.47039794921875
8505179,Segnas,-193.51455688476562,-417.23492431640625
8505202,Ambrì-Piotta,-322.7898254394531,128.3262481689453
8505204,Faido,-335.69110107421875,146.99603271484375
8505205,Lavorgo,-333.4324645996094,160.52415466308594
8505214,Giubiasco,-400.86566162109375,397.673583984375
8505300,Lugano,-405.64788818359375,427.5314636230469
8505219,Lamone-Cadempino,-407.8965148925781,457.9830627441406
8505405,Quartino,-393.57342529296875,368.726806640625
8505404,Cadenazzo,-418.809326171875,420.6430969238281
8505415,S. Antonino,-413.5343322753906,412.1578063964844
8505401,Tenero,-417.1556091308594,430.9787902832031
8505410,Gerra (Gambarogno),-445.55242919921875,448.48529052734375
8505412,Riazzino,-425.0492858886719,426.6446838378906
8505216,Rivera-Bironico,-404.464599609375,440.72528076171875
8505400,Locarno,-419.3220520019531,432.668212890625
8505307,Chiasso,-424.1282653808594,451.5151062011719
8505402,Gordola,-428.4324645996094,432.3339538574219
8505217,Mezzovico,-405.6043395996094,466.0265197753906
8505218,Taverne-Torricella,-405.9543762207031,472.7916259765625
8505226,Grindelwald Terminal,-591.5081176757812,197.3304443359375
8507380,Grindelwald,-581.8338012695312,194.19419860839844
8505301,Lugano-Paradiso,-428.166748046875,491.9884948730469
8505305,Mendrisio,-430.0224609375,481.86492919921875
8505303,Maroggia-Melano,-434.2483215332031,507.4452819824219
8505304,Capolago-Riva S. Vitale,-437.29473876953125,504.425048828125
8505306,Balerna,-429.1019287109375,477.0846862792969
8505302,Melide,-434.11492919921875,511.1947937011719
8517519,Stabio,-433.45904541015625,498.1903381347656
8518475,Mendrisio S. Martino,-426.30419921875,459.5377197265625
8505390,Serocca,-1090.1343994140625,-431.2087707519531
8505391,Lugano FLP,-1096.9517822265625,-428.9022521972656
8505392,Magliaso Paese,-1100.93115234375,-426.6441955566406
8505393,Cappella-Agnuzzo,-1108.92578125,-421.15911865234375
8505394,Bioggio,-1118.6004638671875,-417.3549499511719
8505395,Agno,-1129.3525390625,-410.6769104003906
8505396,Magliaso,-1130.7640380859375,-401.17071533203125
8505397,Caslano,-1133.3046875,-392.5482177734375
8505398,Ponte Tresa,-1132.9453125,-381.9129333496094
8505399,Sorengo,-1130.4803466796875,-374.94171142578125
8530789,Bioggio Molinazzo,-1127.13037109375,-365.7271423339844
8505406,Magadino-Vira,-426.3537292480469,409.39453125
8505407,S. Nazzaro,-449.2771911621094,442.09625244140625
8505408,Ranzo-S. Abbondio,-457.4620056152344,455.05108642578125
8505861,Maccagno,-453.7508544921875,456.0021057128906
8505467,S. Martino,963.3654174804688,-838.880615234375
8505470,Locarno FART,971.5203247070312,-835.6406860351562
8505471,Locarno S. Antonio,973.55810546875,-834.2373046875
8505473,Ponte Brolla,977.3192138671875,-828.1151733398438
8505472,Solduno,975.8809204101562,-832.16064453125
8505491,Tegna,985.322021484375,-823.2573852539062
8505494,Intragna,1000.4295043945312,-804.648681640625
8505493,Cavigliano,994.3243408203125,-815.9109497070312
8505492,Verscio,989.8850708007812,-821.6038208007812
8505495,Corcapolo,1002.7128295898438,-802.3989868164062
8505496,Verdasio,1009.1917724609375,-798.9594116210938
8505499,Camedo,1013.7305908203125,-786.6318359375
8505497,Palagnedra,1011.5034790039062,-789.1741333007812
8505498,Borgnone-Cadanza,1011.687744140625,-785.4577026367188
8505578,Zornasco,1026.986083984375,-775.9750366210938
8505580,Re,1031.978271484375,-765.9234619140625
8505581,S. Maria Maggiore,1053.5311279296875,-743.5037231445312
8505584,Malesco,1069.474365234375,-716.3152465820312
8505585,Druogno,1088.5382080078125,-689.0026245117188
8505588,Creggio,1101.436279296875,-691.5953979492188
8505589,Folsogno-Dissimo,1088.240966796875,-684.6549072265625
8505590,Gagnone-Orcesco,1085.660400390625,-677.259521484375
8505593,Masera,1092.79248046875,-672.27392578125
8505592,Marone,1091.22802734375,-672.7890014648438
8505594,Prestinone,1098.2568359375,-661.8456420898438
8505597,Trontano,1099.5450439453125,-657.0323486328125
8505599,Verigo,1102.568115234375,-657.0571899414062
8505862,Pino-Tronzano,-466.5115051269531,486.5048522949219
8505874,Colmegna,-468.98516845703125,499.91607666015625
8506001,Winterthur Grüze,401.0162658691406,-225.5382537841797
8506016,Oberwinterthur,280.8049621582031,-290.7583923339844
8506041,Embrach-Rorbas,366.4647216796875,-230.4025115966797
8506047,Andelfingen,365.6952819824219,-168.7955322265625
8506046,Henggart,367.9636535644531,-157.5435333251953
8506100,Frauenfeld,250.85626220703125,-369.49273681640625
8506019,Islikon,276.9356384277344,-378.53436279296875
8506206,Wil SG,162.4519500732422,-372.38226318359375
8506035,Schottikon,262.26300048828125,-394.76031494140625
8506143,Münsterlingen Spital,126.07462310791016,-390.32269287109375
8506148,St. Katharinental,93.87364959716797,-345.1973571777344
8506178,Münchwilen TG,219.66867065429688,-424.2334289550781
8506179,Lüdem,194.9840087890625,-407.23553466796875
8506190,Bussnang,170.2062530517578,-407.32623291015625
8506205,Bazenheid,133.8712615966797,-378.3673095703125
8506210,Gossau SG,1.3679488897323608,-393.15460205078125
8506270,St. Gallen Marktplatz,-116.88829803466797,-200.2690887451172
8506276,Strahlholz,-201.7916717529297,-147.82546997070312
8506286,Appenzell,-101.48175811767578,-237.4215545654297
8506290,Herisau,-17.91752052307129,-265.6519775390625
8506292,Degersheim,-29.694164276123047,-260.0868835449219
8506294,Brunnadern-Neckertal,-27.07845687866211,-241.33726501464844
8506299,Nesslau-Neu St. Johann,-27.644399642944336,-237.295166015625
8506301,St. Gallen Bruggen,-6.318595886230469,-311.3276062011719
8506002,Winterthur Seen,435.1250915527344,-227.28732299804688
8506010,Sirnach,457.3101806640625,-261.36688232421875
8506004,Kollbrunn,483.1423645019531,-205.51376342773438
8506005,Rikon,508.72796630859375,-201.74659729003906
8506006,Rämismühle-Zell,510.5074462890625,-197.4213409423828
8506007,Turbenthal,499.0111999511719,-210.0498046875
8506009,Saland,476.8294677734375,-218.90634155273438
8506011,Eschlikon TG,485.3960876464844,-300.9194641113281
8506012,Guntershausen,485.3437805175781,-339.8059387207031
8506013,Aadorf,460.3157043457031,-370.0141906738281
8506014,Elgg,416.19012451171875,-380.5677795410156
8506015,Räterschen,347.3876037597656,-392.5345153808594
8506017,Wiesendangen,291.57269287109375,-338.4227294921875
8506020,Seuzach,269.86846923828125,-345.22137451171875
8506018,Rickenbach-Attikon,289.94952392578125,-367.73419189453125
8506021,Dinhard,262.4908142089844,-368.9229431152344
8506036,Reutlingen,250.8140106201172,-350.20458984375
8506022,Thalheim-Altikon,251.52606201171875,-383.6959533691406
8506023,Ossingen,244.87734985351562,-396.280517578125
8506118,Triboltingen,149.31463623046875,-387.51031494140625
8506139,Stein am Rhein,153.5663604736328,-365.21148681640625
8506138,Eschenz,122.60438537597656,-385.01739501953125
8506045,Hettlingen,365.57672119140625,-149.6524658203125
8506042,Pfungen,430.8492736816406,-271.17230224609375
8506043,Winterthur Wülflingen,469.69635009765625,-298.85845947265625
8506044,Winterthur Töss,485.70819091796875,-306.9669189453125
8506048,Marthalen,414.2528076171875,-176.99969482421875
8506049,Dachsen,434.1380920410156,-178.70347595214844
8506101,Felben-Wellhausen,244.764892578125,-417.7555847167969
8506105,Weinfelden,128.93447875976562,-405.6474914550781
8506104,Märstetten,165.4145050048828,-433.7344665527344
8506169,Wiesengrund,307.3948669433594,-449.91998291015625
8506102,Hüttlingen-Mettendorf,226.23341369628906,-442.0328063964844
8506103,Müllheim-Wigoltingen,200.167236328125,-452.5048522949219
8506106,Bürglen TG,58.50922393798828,-419.5882263183594
8506109,Amriswil,102.11587524414062,-381.03741455078125
8506108,Oberaach,84.35858154296875,-406.0891418457031
8506128,Kreuzlingen Hafen,81.4097671508789,-368.477783203125
8506127,Bottighofen,102.42420196533203,-418.7167053222656
8506131,Kreuzlingen,110.28663635253906,-422.4201965332031
8506168,Tägerschen,118.69263458251953,-386.3164367675781
8506107,Erlen,69.14289855957031,-421.84893798828125
8506209,Flawil,50.6031379699707,-400.0124206542969
8506213,Bischofszell Stadt,28.989561080932617,-453.89068603515625
8506212,Hauptwil,11.765480995178223,-450.8279724121094
8506217,Sulgen,72.73347473144531,-384.0045471191406
8506216,Kradolf,36.84990310668945,-410.27056884765625
8506119,Kurzrickenbach Seepark,120.75516510009766,-351.6595764160156
8506122,Uttwil,93.32907104492188,-372.8735046386719
8506306,Rorschach Hafen,-60.88951873779297,-268.072265625
8506278,Seebleiche,-99.625732421875,-255.76609802246094
8506123,Kesswil,98.65433502197266,-452.1548767089844
8506124,Güttingen,98.76809692382812,-434.5224914550781
8506125,Altnau,98.32670593261719,-445.041748046875
8506126,Münsterlingen-Scherzingen,101.68946075439453,-439.4917907714844
8506201,Lichtensteig,8.757542610168457,-259.5372009277344
8506289,Wasserauen,-53.75852584838867,-271.9476013183594
8506132,Tägerwilen-Gottlieben,84.84697723388672,-439.41265869140625
8506193,Kehlhof,86.27362060546875,-508.81304931640625
8506133,Ermatingen,66.52349853515625,-445.5003662109375
8506134,Mannenbach-Salenstein,55.27570724487305,-439.5359191894531
8506135,Berlingen,59.78789520263672,-442.8868713378906
8506136,Steckborn,70.32377624511719,-413.8985595703125
8506137,Mammern,93.16768646240234,-399.84564208984375
8588122,Landschlacht,56.72235870361328,-338.3905944824219
8506398,Neukirch-Egnach,26.153270721435547,-326.29119873046875
8506181,Bronschhofen,133.1510009765625,-423.90869140625
8506170,Münchwilen Pflegeheim,350.8775939941406,-508.0257873535156
8506171,Frauenfeld Marktplatz,381.4014892578125,-537.8085327148438
8506176,Wängi,344.77642822265625,-516.674072265625
8506175,Jakobstal,375.8371276855469,-544.9619750976562
8506173,Weberei Matzingen,397.7054138183594,-551.515625
8506174,Matzingen,393.5664367675781,-555.828857421875
8506177,Rosental,288.4608459472656,-480.7169189453125
8506182,Bettwiesen,145.60406494140625,-453.6525573730469
8506183,Tobel-Affeltrangen,157.05575561523438,-473.99029541015625
8506184,Märwil,166.13449096679688,-474.0377197265625
8506185,Oppikon,172.34146118164062,-463.71453857421875
8506188,Bronschhofen AMP,175.99937438964844,-452.9085388183594
8506194,Berg,65.80644989013672,-572.3338012695312
8506195,Siegershausen,49.82565689086914,-622.7808227539062
8506196,Lengwil,38.200401306152344,-659.8441772460938
8506197,Kreuzlingen Bernrain,30.345890045166016,-682.7063598632812
8506198,Tägerwilen Dorf,26.820711135864258,-693.2451171875
8506297,Ebnat-Kappel,-11.246062278747559,-223.68743896484375
8506202,Dietfurt,34.13081359863281,-313.7034912109375
8506203,Bütschwil,64.75491333007812,-352.0296325683594
8506204,Lütisburg,99.71654510498047,-373.6901550292969
8506208,Uzwil,107.42035675048828,-397.79217529296875
8516218,Winterthur Hegi,167.95664978027344,-383.7969970703125
8506211,Arnegg,2.305072546005249,-430.46771240234375
8506271,Gontenbad,-74.07664489746094,-472.09716796875
8506300,St. Gallen Winkeln,22.501882553100586,-379.2590026855469
8506214,Sitterdorf,24.547025680541992,-461.0534362792969
8506215,Bischofszell Nord,26.83846664428711,-438.99359130859375
8506285,Gonten,-137.3857879638672,-317.0102844238281
8506275,Steinegg,-97.51026916503906,-499.7565612792969
8506280,Herisau Wilen,-115.91806030273438,-497.9136657714844
8506277,Schwende,-114.71480560302734,-499.81573486328125
8506377,Bühler,-526.80078125,104.8152847290039
8506375,Teufen AR,-636.9152221679688,177.72268676757812
8506376,Steigbach,-587.8795776367188,148.3922882080078
8506311,Rorschach,-126.3734359741211,-230.2906036376953
8506305,Goldach,-108.79215240478516,-226.97776794433594
8506309,Egnach,-130.6820068359375,-245.14907836914062
8506281,Waldstatt,-149.4029998779297,-486.36029052734375
8506282,Zürchersmühle,-160.57342529296875,-478.3049621582031
8506283,Urnäsch,-171.31201171875,-429.9375
8506284,Jakobsbad,-159.9441375732422,-381.96368408203125
8506288,Weissbad,-81.69628143310547,-261.478271484375
8506291,Schachen (Herisau),-27.565893173217773,-272.6635437011719
8506293,Mogelsberg,-33.03074645996094,-255.9651641845703
8506298,Krummenau,-20.413766860961914,-235.1239013671875
8506303,St. Gallen St. Fiden,-78.81852722167969,-231.87986755371094
8506314,St. Margrethen SG,-139.9001007080078,-235.2028350830078
8506313,Rheineck,-178.8347930908203,-229.8811798095703
8506358,St. Gallen Spisertor,-173.16493225097656,-143.1483612060547
8506392,St. Gallen Haggen,-108.45433807373047,-247.53131103515625
8506322,Rorschach Stadt,-140.801025390625,-244.66322326660156
8506304,Mörschwil,-99.31076049804688,-228.42529296875
8506393,Wittenbach,-75.47953033447266,-246.61790466308594
8506307,Horn,-94.83113098144531,-267.2513427734375
8506308,Arbon,-117.81664276123047,-259.9475402832031
8506312,Staad SG,-162.79803466796875,-229.38629150390625
8506352,Wartensee,-201.5884552001953,-176.7900390625
8516270,Arbon Seemoosriet,-157.67401123046875,-220.24908447265625
8506350,Walzenhausen,-209.30975341796875,-224.1566619873047
8506316,Au SG,-160.75645446777344,-243.61041259765625
8506317,Heerbrugg,-164.7047119140625,-247.73251342773438
8506318,Rebstein-Marbach,-171.62940979003906,-254.91505432128906
8509400,Oberriet SG,-143.60247802734375,-258.1268310546875
8506351,Ruderbach,-221.6302032470703,-223.3110809326172
8506353,Wienacht-Tobel,-255.8149871826172,-131.32093811035156
8506354,Schwendi bei Heiden,-298.87506103515625,-92.05455780029297
8506355,Heiden,-327.360107421875,-70.19306182861328
8506400,Sandbüchel,-341.5674743652344,-62.434478759765625
8506359,St. Gallen Schülerhaus,-302.21575927734375,-63.30516052246094
8506361,St. Gallen Notkersegg,-413.184814453125,13.014412879943848
8506362,Schwarzer Bären,-507.15924072265625,79.65083312988281
8506364,Vögelinsegg,-585.69091796875,136.0352325439453
8506365,Schützengarten,-647.3714599609375,189.70135498046875
8506366,Speicher,-698.6057739257812,231.514892578125
8506367,Bendlehn,-718.1712036132812,249.82000732421875
8506371,St. Gallen Riethüsli,-708.0735473632812,240.9487762451172
8506369,Trogen,-714.14404296875,248.234619140625
8506368,Gfeld,-724.3263549804688,257.6818542480469
8506373,Niederteufen,-686.524169921875,218.2144012451172
8506372,Lustmühle,-706.2022094726562,234.24497985839844
8518100,St. Gallen Birnbäumen,-703.9383544921875,245.0081024169922
8506381,Sammelplatz,-689.7959594726562,247.0474395751953
8506470,Teufen AR Stofel,-677.2096557617188,223.8143768310547
8506374,Sternen bei Teufen,-665.302978515625,206.0418243408203
8506382,Zweibrücken,-679.0106811523438,233.57765197753906
8506378,Gais,-650.9405517578125,227.9842071533203
8506379,Altstätten Stadt,-708.615478515625,308.761962890625
8506380,Hirschberg,-676.2139892578125,242.02365112304688
8506383,Hebrig,-755.0137939453125,380.5122375488281
8506384,Schachen (Gais),-792.957763671875,438.72930908203125
8506385,Rietli,-821.3651733398438,486.21875
8506386,Stoss AR,-841.1946411132812,523.6661376953125
8506387,Kreuzstrasse,-859.4889526367188,550.1524658203125
8506388,Warmesberg,-876.1212158203125,566.4021606445312
8506389,Alter Zoll,-870.0587768554688,575.5593872070312
8506394,Roggwil-Berg,-63.94629669189453,-262.0548400878906
8506395,Häggenschwil-Winden,-48.2606315612793,-287.61865234375
8506396,Muolen,-26.382051467895508,-303.30560302734375
8506397,Steinebrunn,-2.584167003631592,-323.136962890625
8507003,Gümligen,358.2057800292969,41.32230758666992
8507005,Rubigen,355.6253662109375,46.75550842285156
8507063,Worb Dorf,373.6067199707031,73.87576293945312
8507068,Bolligen,383.2158508300781,85.88333129882812
8507067,Deisswil,433.9018249511719,97.61293029785156
8507070,Uetendorf,366.9175109863281,57.241973876953125
8507076,Belp,352.1607971191406,34.7349739074707
8507075,Toffen,422.6396789550781,48.84497833251953
8507079,Bern Weissenbühl,296.74810791015625,-1.0033599138259888
8507078,Wabern bei Bern,336.9921875,6.070283889770508
8507082,Bern  Europaplatz,258.5074462890625,-41.44346618652344
8508001,Schönbühl SBB,290.0491027832031,35.39155960083008
8508051,Bern Felsenau,338.3248291015625,96.45993041992188
8508054,Worblaufen,400.5481872558594,143.2023162841797
8507096,Papiermühle,415.7049865722656,133.40289306640625
8508052,Bern Tiefenau,388.5203552246094,129.02972412109375
8508053,Steinibach,403.0516662597656,144.2459716796875
8508059,Jegenstorf,396.3574523925781,188.55807495117188
8508058,Urtenen,426.5046691894531,197.02699279785156
8508086,Utzenstorf,391.6067199707031,47.70658874511719
8508089,Biberist Ost,448.684814453125,35.11425018310547
8508200,Worb SBB,385.7658996582031,35.47161865234375
8508201,Tägertschi,411.341064453125,33.916969299316406
8516154,Bern Brünnen Westside,291.1957092285156,49.055572509765625
8507093,Kehrsatz Nord,319.0048522949219,4.3935041427612305
8508265,Hasle-Rüegsau,415.6368408203125,3.937922716140747
8508266,Lützelflüh-Goldbach,405.0050048828125,3.175734043121338
8508269,Neumühle,389.76123046875,6.114957809448242
8507007,Wichtrach,345.2672424316406,53.95500564575195
8507008,Kiesen,336.8211364746094,55.818359375
8507064,Vechigen,425.27239990234375,91.74461364746094
8507065,Boll-Utzigen,454.2579650878906,100.31383514404297
8507066,Stettlen,457.2180480957031,104.27465057373047
8507069,Ittigen bei Bern,410.64300537109375,113.41896057128906
8507071,Seftigen,432.2448425292969,64.97382354736328
8507072,Burgistein,471.18804931640625,67.78679656982422
8507073,Thurnen,483.5057067871094,64.88323211669922
8507074,Kaufdorf,466.3658752441406,58.54071044921875
8507077,Kehrsatz,355.7181091308594,19.240388870239258
8507083,Köniz,150.7038116455078,-187.50132751464844
8507092,Belp Steinbach,295.82232666015625,-21.9584903717041
8507084,Moos,48.85923767089844,-316.47857666015625
8507085,Gasel,-43.51115036010742,-430.0250244140625
8507086,Niederscherli,-121.91316223144531,-523.5988159179688
8507087,Mittelhäusern,-190.90948486328125,-593.1509399414062
8507088,Lanzenhäusern,-244.938232421875,-645.456787109375
8507089,Schwarzenburg,-272.26434326171875,-689.4295654296875
8507091,Liebefeld,-306.7416687011719,-706.1328735351562
8507095,Schwarzwasserbrücke,-317.2185363769531,-715.1678466796875
8507478,Frutigen,106.84754943847656,72.64472961425781
8507475,Kandersteg,116.0394287109375,92.14622497558594
8507476,Blausee-Mitholz,110.15058898925781,81.36270904541016
8507298,Wimmis,-166.174560546875,126.58023071289062
8507299,Lattigen bei Spiez,-93.13605499267578,104.67822265625
8507481,Mülenen,22.940324783325195,73.20555877685547
8507272,Saanenmöser,-734.912841796875,396.507568359375
8507273,Oeschseite,-744.0924072265625,363.3358459472656
8507290,Zweisimmen,-747.2777099609375,334.6535949707031
8507279,Lenk im Simmental,-803.3643188476562,288.34661865234375
8507288,Eifeld,-787.3565063476562,345.5951232910156
8507274,Blankenburg,-912.8934936523438,145.94056701660156
8507275,Stöckli,-905.1731567382812,150.67454528808594
8507276,St. Stephan,-891.7293701171875,169.2641143798828
8507277,Matten i.S.,-872.4229125976562,200.864501953125
8507278,Boden,-838.1005249023438,234.4762420654297
8507281,Grubenwald,-872.2471313476562,381.15496826171875
8507284,Enge im Simmental,-861.281982421875,376.7672119140625
8507286,Ringoldingen,-847.5606079101562,370.465087890625
8507287,Burgholz,-822.3353271484375,359.5909729003906
8507291,Weissenbach,-712.860595703125,313.5936584472656
8507292,Boltigen,-673.4241943359375,299.070068359375
8507293,Oberwil im Simmental,-625.5953369140625,271.5576477050781
8507296,Erlenbach im Simmental,-574.3638305664062,255.90025329589844
8507295,Därstetten,-605.8952026367188,265.71661376953125
8507294,Weissenburg,-619.6722412109375,266.1207275390625
8507297,Oey-Diemtigen,-376.1417236328125,190.3750762939453
8507361,Eigergletscher,-864.4270629882812,1022.448974609375
8507364,Jungfraujoch,-859.109375,1020.0413818359375
8507374,Kleine Scheidegg,-859.6215209960938,1025.7296142578125
8507372,Wengen,-465.4921875,149.51319885253906
8507384,Lauterbrunnen,-455.3422546386719,147.21043395996094
8507378,Grütschalp,-679.6701049804688,-967.6304931640625
8507379,Mürren BLM,-679.986328125,-963.3721313476562
8507560,Winteregg,-680.088623046875,-960.900146484375
8507381,Schwendi bei Grindelwald,-561.25927734375,186.50094604492188
8507382,Burglauenen,-526.7761840820312,174.3920135498047
8507383,Lütschental,-477.7814025878906,158.0797576904297
8507388,Wilderswil,-414.4329833984375,135.46998596191406
8507555,Wengwald,-464.6463928222656,152.32754516601562
8507473,Hohtenn,139.62599182128906,131.517333984375
8507474,Goppenstein,134.76559448242188,120.66950225830078
8507480,Reichenbach im Kandertal,63.04821014404297,70.62455749511719
8507493,Interlaken West,-152.31124877929688,58.21730422973633
8508301,Ringgenberg,-161.94993591308594,59.986717224121094
8508302,Niederried,-167.2765350341797,58.80515670776367
8508303,Oberried am Brienzersee,-171.5688018798828,50.22072982788086
8508304,Ebligen,-181.2367401123047,47.25180435180664
8508006,Wynigen,188.38429260253906,19.41665267944336
8508080,Oberburg,297.4932556152344,4.313233852386475
8508083,Burgdorf Buchmatt,301.03912353515625,15.48324966430664
8508055,Unterzollikofen,407.8902587890625,157.7792205810547
8508056,Moosseedorf,427.2035217285156,175.7859649658203
8589198,Worbboden,410.4129333496094,157.22218322753906
8508057,Schönbühl RBS,437.0987243652344,192.44699096679688
8508060,Grafenried,415.4538879394531,211.19862365722656
8508061,Fraubrunnen,419.8056945800781,225.36770629882812
8508062,Büren zum Hof,416.5457763671875,237.42080688476562
8508063,Schalunen,417.3785705566406,237.64781188964844
8508070,Oberzollikofen,404.2545471191406,232.3243865966797
8508068,Biberist RBS,376.8560791015625,226.28836059570312
8508071,Schönbühl Shoppyland,412.29302978515625,246.85218811035156
8508262,Walkringen,498.1147766113281,3.463984966278076
8508264,Schafhausen i.E.,474.4472961425781,0.3986010253429413
8508087,Wiler,442.3226623535156,46.528900146484375
8508088,Gerlafingen,460.84539794921875,41.45779800415039
8508101,Roggwil-Wynau,19.711299896240234,109.85714721679688
8508151,Langenthal Gaswerk,-55.93144226074219,347.51531982421875
8508174,Gutenburg,-39.87748336791992,153.097900390625
8508102,Murgenthal,-2.137643575668335,122.16239929199219
8508103,Rothrist,-5.545957088470459,130.13160705566406
8508152,Hard-Mumenthal,-107.2842025756836,454.81805419921875
8508161,Kaltenherberg,-92.54253387451172,473.9245910644531
8508153,Aarwangen,-150.07711791992188,542.79736328125
8508154,Aarwangen Schloss,-185.1286163330078,612.2904052734375
8508155,Bannwil,-210.95057678222656,665.4965209960938
8508157,Holzhäusern,-226.30641174316406,692.4596557617188
8508159,Niederbipp Dorf,-226.6749267578125,696.8963012695312
8508158,Scharnageln,-232.22532653808594,704.0843505859375
8508162,Roggwil Dorf,-120.33415985107422,581.281494140625
8508163,St. Urban,-144.3790283203125,670.4907836914062
8508164,St. Urban Ziegelei,-149.3496551513672,698.2611083984375
8508168,Roggwil Buchägerten,-154.70339965820312,710.5357055664062
8508173,Roggwil Schmitten,-159.53848266601562,738.2615966796875
8594258,Langenthal Industrie Nord,-163.2042999267578,750.1071166992188
8508181,Langenthal Süd,-112.32140350341797,210.64102172851562
8508182,Lotzwil,-169.64813232421875,252.1519775390625
8508183,Madiswil,-211.576904296875,281.45831298828125
8508184,Lindenholz,-239.22288513183594,290.5069885253906
8508185,Kleindietwil,-252.16561889648438,287.75634765625
8508186,Rohrbach,-247.1020965576172,263.09332275390625
8508203,Zäziwil,421.4395446777344,15.876137733459473
8508250,Schwäbis,466.1316223144531,27.799436569213867
8508251,Steffisburg,492.57489013671875,25.955394744873047
8508260,Grosshöchstetten,542.8566284179688,16.40359878540039
8508255,Oberdiessbach,598.2761840820312,15.109818458557129
8508256,Stalden i.E.,583.551025390625,14.8662748336792
8508204,Bowil,423.75323486328125,10.891480445861816
8508208,Trubschachen,193.0410614013672,61.86247634887695
8508210,Escholzmatt,60.567386627197266,112.80252075195312
8508211,Schüpfheim,-63.87626266479492,153.3837890625
8508212,Hasle LU,-103.29710388183594,165.81201171875
8508216,Werthenstein,-220.51641845703125,198.9016571044922
8508218,Malters,-234.6282196044922,205.13914489746094
8508217,Schachen LU,-236.11277770996094,209.8383331298828
8508292,Hüswil,-216.00006103515625,190.28079223632812
8508293,Zell LU,-226.0913543701172,197.0427703857422
8508295,Willisau,-251.8832244873047,217.63414001464844
8508219,Littau,-254.30825805664062,217.98533630371094
8508294,Gettnau,-247.925048828125,212.66534423828125
8508252,Lädeli,564.8556518554688,21.631805419921875
8508253,Heimberg,605.0494995117188,16.538549423217773
8508254,Brenzikofen,617.2905883789062,15.330188751220703
8508261,Biglen,533.9694213867188,8.086626052856445
8508263,Bigenthal,502.5017395019531,-0.13595296442508698
8508272,Sumiswald-Grünen,458.4125671386719,-2.8462491035461426
8508271,Grünenmatt,468.0021057128906,-6.329195499420166
8508267,Ramsei,450.3484191894531,-2.7559926509857178
8508268,Zollbrück,432.1698303222656,-2.5790133476257324
8508297,Menznau,-282.548583984375,241.2523956298828
8516354,Wolhusen Weid,-295.3093566894531,251.29124450683594
8508309,Brünig-Hasliberg,-150.10633850097656,1.9673651456832886
8508329,Brienz West,-132.7030487060547,-31.037567138671875
8508314,Sarnen,-95.76394653320312,-74.28227233886719
8508359,Innertkirchen Kraftwerk (Bahn),-262.0415344238281,68.73878479003906
8508310,Lungern,-131.83009338378906,-8.76388168334961
8508323,Sarnen Nord,-95.50947570800781,-234.64146423339844
8508321,Luzern Allmend/Messe,-89.95669555664062,-231.15206909179688
8508390,Stansstad,-81.59967803955078,-204.5764617919922
8508320,Hergiswil Matt,-76.60435485839844,-201.23411560058594
8516351,Kriens Mattenhof,-120.32200622558594,-306.5662536621094
8508327,Ewil Maxon,-114.24178314208984,-285.944091796875
8508391,Stans,-97.99954223632812,-254.42562866210938
8508392,Dallenwil,-120.18074035644531,-307.4176330566406
8508394,Wolfenschiessen,-133.2697296142578,-337.40966796875
8508399,Engelberg,-135.40171813964844,-343.8352355957031
8508395,Innertkirchen Grimseltor,-351.7298278808594,113.35197448730469
8508396,Grafenort,-139.29550170898438,-353.03472900390625
8530760,Aareschlucht West,-421.69378662109375,153.9965057373047
8509050,Chur West,-287.0317077636719,-335.5296630859375
8509006,Chur Wiesental,-318.1656188964844,-351.51593017578125
8509150,Chur Altstadt,-148.21524047851562,-384.4422302246094
8509168,Versam-Safien,-271.8788757324219,-344.15380859375
8509055,Igis,-306.17047119140625,-364.9992370605469
8509167,Trin,-295.8549499511719,-357.4171142578125
8509171,Ilanz,-273.05975341796875,-336.79986572265625
8509170,Castrisch,-281.9371643066406,-361.1337585449219
8509180,Felsberg,-293.08203125,-323.9151611328125
8509056,Landquart Ried,-317.70343017578125,-353.162109375
8509060,Schiers,-376.9696960449219,-348.60107421875
8509181,Domat/Ems,-268.8074645996094,-307.99114990234375
8509183,Reichenau-Tamins,-262.52130126953125,-290.5811462402344
8509182,Ems Werk,-275.1387634277344,-296.56378173828125
8509184,Bonaduz,-253.35452270507812,-292.6906433105469
8509189,Thusis,-288.40362548828125,-297.273681640625
8509186,Rothenbrunnen,-280.1419982910156,-304.87078857421875
8509188,Cazis,-298.6418151855469,-305.4739074707031
8509192,Tiefencastel,-355.9922790527344,-313.3083190917969
8509251,Samedan,-487.38330078125,-368.61932373046875
8509068,Klosters Platz,-517.310302734375,-356.5916748046875
8509195,Filisur,-454.99542236328125,-346.3785095214844
8509198,Preda,-494.3083801269531,-375.19134521484375
8509199,Spinas,-497.1529846191406,-369.30084228515625
8509250,Bever,-500.0437927246094,-365.18365478515625
8509003,Maienfeld,-286.8984680175781,-313.7615966796875
8509057,Malans GR,-358.86212158203125,-355.64385986328125
8509059,Grüsch,-367.7226257324219,-352.7062072753906
8509058,Seewis-Pardisla,-371.8491516113281,-355.6047668457031
8509064,Küblis,-441.8970947265625,-356.04425048828125
8509062,Jenaz,-418.3459167480469,-359.66717529296875
8509063,Fideris,-433.009033203125,-358.4584655761719
8509065,Saas im Prättigau,-478.5277099609375,-350.24298095703125
8509067,Klosters Dorf,-486.429931640625,-343.25787353515625
8509051,Haldenstein,-311.2940673828125,-355.1222839355469
8509053,Untervaz-Trimmis,-312.9714660644531,-360.802001953125
8509054,Zizers,-313.4791564941406,-371.0159912109375
8509061,Furna,-403.12042236328125,-357.708740234375
8509069,Cavadürli,-538.6829833984375,-342.8987731933594
8509070,Davos Laret,-549.1144409179688,-336.60064697265625
8509072,Davos Dorf,-559.2672729492188,-339.3963317871094
8509071,Davos Wolfgang,-565.1265869140625,-344.1273193359375
8509197,Bergün/Bravuogn,-470.6009216308594,-366.1303405761719
8509255,Pontresina,-533.420654296875,-421.55364990234375
8509253,St. Moritz,-541.8864135742188,-391.13983154296875
8509254,Punt Muragl,-513.8687133789062,-397.02606201171875
8509264,Lavin,-599.5809326171875,-318.9230041503906
8509263,Susch,-628.8823852539062,-315.695556640625
8509269,Sagliains,-604.8480834960938,-319.70703125
8509268,Scuol-Tarasp,-645.1248168945312,-295.1019287109375
8509073,Davos Platz,-581.359375,-323.5205383300781
8509075,Davos Frauenkirch,-585.899658203125,-310.138671875
8509076,Davos Glaris,-575.3009643554688,-310.3159484863281
8509077,Davos Monstein,-548.0083618164062,-314.5638732910156
8509078,Davos Wiesen,-506.2081298828125,-324.1612854003906
8509193,Surava,-423.3335266113281,-333.7212219238281
8509194,Alvaneu,-442.68310546875,-337.2393798828125
8509152,Lüen-Castiel,-100.07353210449219,-495.90631103515625
8509153,St. Peter-Molinis,-51.49466323852539,-582.7202758789062
8509154,Peist,-9.394299507141113,-649.6295166015625
8509155,Langwies GR,26.242998123168945,-697.0177612304688
8509156,Litzirüti,40.56730651855469,-728.4509887695312
8509157,Arosa,57.06524658203125,-737.789306640625
8509169,Valendas-Sagogn,-286.06463623046875,-362.5176696777344
8509173,Rueun,-299.0906677246094,-410.29901123046875
8509174,Waltensburg/Vuorz,-300.9833984375,-429.9862060546875
8509175,Tavanasa-Breil/Brigels,-306.0057678222656,-429.0191345214844
8509176,Trun,-309.05377197265625,-421.6184997558594
8509177,Rabius-Surrein,-305.4386901855469,-393.6545104980469
8509185,Rhäzüns,-270.369873046875,-304.950927734375
8509187,Rodels-Realta,-297.1383972167969,-310.360107421875
8509252,Celerina,-527.7618408203125,-386.73809814453125
8509256,La Punt Chamues-ch,-536.9680786132812,-388.33056640625
8509258,Zuoz,-589.535400390625,-364.1062316894531
8509257,Madulain,-571.4702758789062,-377.0279235839844
8509350,Celerina Staz,-555.805908203125,-432.14300537109375
8509352,Surovas,-562.7318115234375,-445.03302001953125
8509351,Punt Muragl Staz,-567.5789794921875,-443.5403747558594
8509356,Ospizio Bernina,-553.829345703125,-484.70404052734375
8509354,Bernina Suot,-570.0882568359375,-480.6936950683594
8509357,Alp Grüm,-550.2567138671875,-548.1229858398438
8509259,S-chanf,-631.9285278320312,-329.43756103515625
8509260,Cinuos-chel-Brail,-642.1895751953125,-318.575927734375
8509262,Zernez,-643.0169067382812,-316.0547790527344
8509265,Guarda,-634.9551391601562,-302.4999694824219
8509266,Ardez,-654.7833862304688,-291.9478454589844
8509267,Ftan Baraigla,-656.9432373046875,-283.3714904785156
8509353,Morteratsch,-573.2783813476562,-467.34527587890625
8509358,Cavaglia,-551.3499755859375,-618.1900024414062
8509361,Poschiavo,-547.247314453125,-657.2162475585938
8509359,Cadera,-550.3229370117188,-639.64013671875
8509363,Li Curt,-545.8406372070312,-676.6015625
8509364,Le Prese,-545.312255859375,-689.9334716796875
8509368,Campocologno,-544.5197143554688,-701.201416015625
8509366,Brusio,-540.0415649414062,-716.5400390625
8509367,Campascio,-541.5142211914062,-718.7396240234375
8509373,Bernina Lagalb,-543.9879760742188,-684.70556640625
8509369,Tirano,-543.6443481445312,-700.6994018554688
8509365,Miralago,-543.2744140625,-712.7529907226562
8519370,Bernina Diavolezza,-539.765869140625,-696.402587890625
8509401,Rüthi SG,-141.8163604736328,-261.2394714355469
8509412,Mels,-169.53160095214844,-301.17987060546875
8509413,Flums,-167.9853973388672,-304.6097106933594
8509414,Walenstadt,-172.4906463623047,-321.9485168457031
8509416,Unterterzen,-182.22129821777344,-362.1958923339844
8509417,Murg,-185.23947143554688,-385.3403015136719
8509418,Mühlehorn,-188.88726806640625,-397.63946533203125
8517112,Walchwil Hörndli,-125.9918441772461,-80.63441467285156
8515996,Hünenberg Zythus,-157.86932373046875,-32.453216552734375
8515997,Root D4,-182.3125,-31.25927734375
8516187,Zug Schutzengel,-189.6943817138672,-30.4534854888916
8516272,Genève-Champel,60.14931869506836,362.0247802734375
8516273,Genève-Eaux-Vives,44.87090301513672,365.33514404296875
8516350,Buchrain,-202.80015563964844,-28.014938354492188
8516271,Steinach,-169.05726623535156,-215.22210693359375
8517142,Lancy-Bachet,-9.068281173706055,364.8246154785156
8519685,Aarau Torfeld,75.05931854248047,1109.107177734375
8517527,Zug Casino,-134.85560607910156,-85.36564636230469
8593773,Les Bovets,1030.1031494140625,549.278076171875
8519306,St. Gallen Güterbahnhof,-712.3298950195312,256.80999755859375
8518963,Solothurn Allmend,389.3019714355469,211.04058837890625
8530012,Petit-Martel-Est,425.530517578125,1165.192626953125
8530225,Le Stand,429.4000549316406,1173.7349853515625
8530066,Grand-Moulin,182.3658905029297,1006.5037231445312
8530067,Les Salines,172.9668731689453,1036.8258056640625
8530246,Foyer Dents-du-Midi,169.18197631835938,1050.6422119140625
8530334,La Médettaz,527.9844970703125,845.5576171875
8530355,Les Arnoux,798.7293701171875,530.2430419921875
8593467,Pont de Fayot,847.0157470703125,514.8848266601562
8530709,"Neuchâtel, Champ-Bougin",-1162.8524169921875,283.5025634765625
8530712,"Colombier NE, Les Chézards",-1151.7432861328125,266.71710205078125
8530713,"Boudry, Tuilière",-1151.341064453125,259.17669677734375
8595245,Areuse Littorail,-1150.5284423828125,257.7736511230469
8530799,Meiringen Alpbach,-471.421630859375,183.82347106933594
8530790,Sorengo Laghetto,-1125.6817626953125,-363.2432861328125
8530800,Innertkirchen Unterwasser,-502.1008605957031,203.3146209716797
8530801,Aareschlucht Ost (Bahn),-515.1061401367188,213.0592803955078
8530812,"Zürich, Hegibachplatz",1070.08251953125,884.5226440429688
8530813,"Zürich, Kreuzplatz",1078.6060791015625,875.0831909179688
8591315,"Zürich, Rehalp",1084.194091796875,867.614990234375
8593772,Gryon-Chalméry,177.13658142089844,1042.04052734375
8591429,"Zürich, Wetlistrasse",1083.78662109375,862.4560546875
8593774,La Faverge,1057.1666259765625,537.3834228515625
8593775,Les Nicolets,1077.1243896484375,535.0390014648438
8593776,Plan Morier,1083.0177001953125,530.0537109375